Book Id,Title,Author,Author l-f,Additional Authors,ISBN,ISBN13,My Rating,Average Rating,Publisher,Binding,Number of Pages,Year Published,Original Publication Year,Date Read,Date Added,Bookshelves,Bookshelves with positions,Exclusive Shelf,My Review,Spoiler,Private Notes,Read Count,Owned Copies
231811271,Napoleon Hill's How to Outwit the Six Ghosts of Fear: End Self-Sabotage and Take Control of Your Destiny (Official Publication of the Napoleon Hill Foundation),Napoleon Hill,"Hill, Napoleon",,"=""1640956123""","=""9781640956124""",0,0.0,Sound Wisdom,Paperback,176,2026,,,2025/12/10,to-read,to-read (#852),to-read,,,,0,0
219089634,Absolute Batman (2024-) #1,Scott Snyder,"Snyder, Scott",Nick Dragotta,"=""""","=""""",0,4.43,DC Comics,Kindle Edition,,2024,2024,,2025/12/04,currently-reading,currently-reading (#62),currently-reading,,,,1,0
83820,The Motley Fool Investment Guide: How The Fool Beats Wall Street's Wise Men And How You Can Too,David   Gardner,"Gardner, David",Tom Gardner,"=""0743201736""","=""9781402871818""",4,3.87,Touchstone,Paperback,320,2001,,2010/01/01,2011/08/01,investing,investing (#8),read,,,,1,0
212977735,The 5 Types of Wealth: A Transformative Guide to Design Your Dream Life,Sahil Bloom,"Bloom, Sahil",,"=""0593723198""","=""9780593723197""",0,4.16,Ballantine Books,Kindle Edition,379,2025,2025,,2025/09/28,currently-reading,currently-reading (#61),currently-reading,,,,1,0
147508,"Fodor's Nova Scotia & Atlantic Canada, 9th Edition: With New Brunswick, Prince Edward Island, and Newfoundland & Labrador (Travel Guide)",Fodor's Travel Publications Inc.,"Inc., Fodor's Travel Publications",,"=""1400016045""","=""9781400016044""",0,3.85,Fodor's,Paperback,304,2006,1989,,2012/06/11,to-read,to-read (#193),to-read,,,,0,0
20456855,From The Trash Man To The Cash Man,Myron Golden,"Golden, Myron",,"=""""","=""""",0,4.61,Skillionaire Enterprises Inc.,Kindle Edition,140,2013,2013,,2024/09/18,currently-reading,currently-reading (#54),currently-reading,,,,1,0
174136033,Slow Productivity: The Lost Art of Accomplishment Without Burnout,Cal Newport,"Newport, Cal",,"=""0593544862""","=""9780593544860""",0,3.67,Portfolio,Kindle Edition,256,2024,2024,,2025/08/18,currently-reading,currently-reading (#60),currently-reading,,,,1,0
157686100,Poor Charlie’s Almanack: The Essential Wit and Wisdom of Charles T. Munger,Charles T. Munger,"Munger, Charles T.","John Collison, Warren Buffett, Peter D. Kaufman","=""1953953247""","=""9781953953247""",0,4.40,Stripe Press,Kindle Edition,433,2023,2005,,2025/07/07,currently-reading,currently-reading (#59),currently-reading,,,,1,0
63338662,10x Is Easier Than 2x: How World-Class Entrepreneurs Achieve More by Doing Less,Dan  Sullivan,"Sullivan, Dan",Benjamin P. Hardy,"=""1401969968""","=""9781401969967""",0,4.21,Hay House Business,Kindle Edition,288,2023,,,2025/07/03,currently-reading,currently-reading (#58),currently-reading,,,,1,0
126917748,Dear Black Girls: How to Be True to You,A'ja Wilson,"Wilson, A'ja",,"=""""","=""""",0,4.54,Flatiron Books: A Moment of Lift Book,Kindle Edition,176,2024,,,2025/05/16,currently-reading,currently-reading (#57),currently-reading,,,,1,0
18682972,"A Game of Thrones: The Graphic Novel, Vol. 1",Daniel Abraham,"Abraham, Daniel","George R.R. Martin, Tommy Patterson","=""034553557X""","=""9780345535573""",4,4.49,Bantam Books,Kindle Edition,240,2012,2012,2014/12/21,2014/12/16,books-i-own,books-i-own (#137),read,,,,1,1
25980294,Deep Work: Rules for Focused Success in a Distracted World,Cal Newport,"Newport, Cal",,"=""1455586668""","=""9781455586660""",0,4.16,Grand Central Publishing,Kindle Edition,286,2016,2016,,2024/12/26,currently-reading,currently-reading (#56),currently-reading,,,,1,0
16058947,Mansfield Park,Jane Austen,"Austen, Jane",,"=""""","=""""",0,3.86,,Kindle Edition,346,2012,1814,,2016/04/09,to-read,to-read (#493),to-read,,,,0,0
13147995,HTML5 Cookbook: Solutions & Examples for HTML5 Developers (Cookbooks (O'Reilly)),Christopher Schmitt,"Schmitt, Christopher",Kyle Simpson,"=""""","=""""",0,3.88,,Kindle Edition,449,,2011,,2024/10/13,currently-reading,currently-reading (#55),currently-reading,,,,1,0
12522669,Apollo Moon Landings: A Brief History (Enhanced Version),Vook,"Vook, Vook",,"=""1614302383""","=""9781614302384""",3,3.52,"Vook, Inc.",Kindle Edition,36,2011,2011,2011/09/09,2011/09/08,books-i-own,books-i-own (#30),read,,,,1,1
198712980,"Pillars of Wealth: How to Make, Save, and Invest Your Money to Achieve Financial Freedom",David M Greene,"Greene, David M",,"=""1960178032""","=""9781960178039""",0,4.57,BiggerPockets,Kindle Edition,284,2023,,,2024/09/07,currently-reading,currently-reading (#53),currently-reading,,,,1,0
56580100,The Big Book of Small Python Projects: 81 Easy Practice Programs,Al Sweigart,"Sweigart, Al",,"=""1718501250""","=""9781718501256""",0,4.35,No Starch Press,Kindle Edition,418,2021,,,2024/08/29,currently-reading,currently-reading (#52),currently-reading,,,,1,0
59591254,SQL for Data Analysis: Advanced Techniques for Transforming Data into Insights,Cathy Tanimura,"Tanimura, Cathy",,"=""1492088749""","=""9781492088745""",0,4.29,O'Reilly Media,Kindle Edition,591,2021,,,2024/08/17,currently-reading,currently-reading (#51),currently-reading,,,,1,0
32661863,Soar!: Build Your Vision from the Ground Up,T.D. Jakes,"Jakes, T.D.",,"=""""","=""""",5,4.52,FaithWords,Kindle Edition,257,2017,,2019/07/08,2019/06/25,,,read,,,,1,0
11049454,From the Earth to the Moon and Round the Moon,Jules Verne,"Verne, Jules",,"=""""","=""""",0,3.75,,Kindle Edition,368,2011,1865,,2016/04/09,to-read,to-read (#618),to-read,,,,0,0
32075479,A History of the United States in Five Crashes: Stock Market Meltdowns That Defined a Nation,Scott Nations,"Nations, Scott",,"=""0062467298""","=""9780062467294""",4,3.91,William Morrow,Kindle Edition,352,2017,2017,2019/08/12,2024/07/23,,,read,,,,2,0
36480034,Principles of Macroeconomics,Timothy   Taylor,"Taylor, Timothy","Steven A. Greenlaw, OpenStax","=""1947172301""","=""9781947172302""",0,3.83,OpenStax,Kindle Edition,608,2014,,,2018/01/17,to-read,to-read (#695),to-read,,,,0,0
36474892,Principles of Microeconomics,Timothy   Taylor,"Taylor, Timothy","Steven A. Greenlaw, OpenStax","=""1947172298""","=""9781947172296""",0,3.92,OpenStax,Kindle Edition,508,2014,,,2018/01/17,to-read,to-read (#694),to-read,,,,0,0
36479759,Principles of Economics,Steven A. Greenlaw,"Greenlaw, Steven A.","Timothy   Taylor, OpenStax","=""194717228X""","=""9781947172289""",0,3.86,OpenStax,Kindle Edition,938,2017,2009,,2018/01/17,to-read,to-read (#693),to-read,,,,0,0
58103132,The Great Mental Models: General Thinking Concepts,Shane Parrish,"Parrish, Shane",Rhiannon Beaubien,"=""""","=""""",0,4.07,Latticework Publishing Inc.,Kindle Edition,197,2019,2018,,2023/10/15,currently-reading,currently-reading (#50),currently-reading,,,,1,0
49222939,"12 Months to $1 Million: How to Pick a Winning Product, Build a Real Business, and Become a Seven-Figure Entrepreneur",Ryan Daniel Moran,"Moran, Ryan Daniel",,"=""1950665143""","=""9781950665143""",0,4.21,BenBella Books,Kindle Edition,220,2020,,,2023/08/27,currently-reading,currently-reading (#49),currently-reading,,,,1,0
11082099,Why We Can't Wait,Martin Luther King Jr.,"Jr., Martin Luther King",,"=""0807001139""","=""9780807001134""",0,4.54,Beacon Press,Kindle Edition,176,2011,1964,,2016/02/20,currently-reading,currently-reading (#48),currently-reading,,,,1,0
3791564,"The Little Book of Bull Moves in Bear Markets: How to Keep Your Portfolio Up When the Market Is Down (Little Book, Big Profits)",Peter D. Schiff,"Schiff, Peter D.",,"=""047038378X""","=""9780470383780""",0,3.51,John Wiley & Sons Inc,Hardcover,263,2008,2008,,2012/03/19,"investing, books-i-own, to-read","investing (#4), books-i-own (#288), to-read (#466)",to-read,,,,0,0
1923820,The Holy Bible: King James Version,Anonymous,"Anonymous, Anonymous",,"=""""","=""""",0,4.45,,Hardcover,1590,2008,1611,,2011/08/02,"books-i-own, to-read","books-i-own (#28), to-read (#173)",to-read,,,,0,1
56268823,Richest Man in Babylon: The Complete Original Edition Plus Bonus (GPS Guides to Life),George S. Clason,"Clason, George S.",,"=""1250803802""","=""9781250803801""",0,4.23,Essentials,Paperback,224,2021,1926,,2021/08/23,to-read,to-read (#850),to-read,,,,0,0
57776933,"Becoming a Data Head: How to Think, Speak, and Understand Data Science, Statistics, and Machine Learning",Alex J. Gutman,"Gutman, Alex J.",Jordan Goldmeier,"=""1119741718""","=""9781119741718""",0,4.20,Wiley,Kindle Edition,240,2021,,,2023/05/29,currently-reading,currently-reading (#47),currently-reading,,,,1,0
41721428,Can't Hurt Me: Master Your Mind and Defy the Odds,David Goggins,"Goggins, David",,"=""1544512260""","=""""",0,4.30,Lioncrest Publishing,Kindle Edition,366,2018,2018,,2022/01/27,currently-reading,currently-reading (#46),currently-reading,,,,1,0
6650499,Stumbling on Happiness,Daniel Todd Gilbert,"Gilbert, Daniel Todd",,"=""0307265307""","=""9780307265302""",0,3.82,Vintage,Kindle Edition,336,2006,2006,,2023/04/18,currently-reading,currently-reading (#45),currently-reading,,,,1,0
58150044,Profit First For Minority Business Enterprises,Susanne Mariga,"Mariga, Susanne",Susanne Mariga,"=""1735775916""","=""9781735775913""",0,4.58,"The Avant-Garde Project, LLC",Kindle Edition,240,2021,,,2022/12/18,currently-reading,currently-reading (#41),currently-reading,,,,1,0
18072970,Mastery,Robert Greene,"Greene, Robert",,"=""1101601027""","=""9781101601020""",4,4.26,Viking Adult,Kindle Edition,352,2012,2012,2023/03/29,2018/03/27,,,read,,,,1,0
54236273,Data Newbie to Guru: The Visual Guide to Learning SQL in a Week,Chantel A. Perry,"Perry, Chantel A.",,"=""""","=""""",0,0.0,,Kindle Edition,336,2020,,,2020/07/14,currently-reading,currently-reading (#8),currently-reading,,,,1,0
36548138,The 48 Laws of Power,Robert Greene,"Greene, Robert",,"=""""","=""""",0,4.09,Penguin Books,Kindle Edition,452,2000,1999,,2016/09/26,currently-reading,currently-reading (#43),currently-reading,,,,1,0
58552170,"The Visit (Black Stars, #1)",Chimamanda Ngozi Adichie,"Adichie, Chimamanda Ngozi",,"=""1542032725""","=""9781542032728""",0,3.94,Amazon Original Stories,Kindle Edition,20,2021,2021,,2023/02/02,currently-reading,currently-reading (#44),currently-reading,,,,1,0
18961505,The 12 Week Year: Get More Done in 12 Weeks than Others Do in 12 Months,Brian P. Moran,"Moran, Brian P.",Michael Lennington,"=""""","=""""",0,3.86,Wiley,Kindle Edition,212,2013,2009,,2016/04/13,currently-reading,currently-reading (#40),currently-reading,,,,1,0
559254,The McGraw-Hill 36-Hour Course: Real Estate Investing,Jack Cummings,"Cummings, Jack",,"=""0070150486""","=""9780070150485""",0,3.55,McGraw-Hill,Paperback,358,1993,1992,,2023/02/02,currently-reading,currently-reading (#42),currently-reading,,,,1,0
18824030,When the Sleeper Wakes,H.G. Wells,"Wells, H.G.",,"=""""","=""""",0,3.36,,Kindle Edition,191,2012,1899,,2016/04/09,to-read,to-read (#503),to-read,,,,0,0
20554127,The Obstacle Is the Way: The Timeless Art of Turning Trials into Triumph,Ryan Holiday,"Holiday, Ryan",,"=""1101620595""","=""9781101620595""",0,4.15,Portfolio,Kindle Edition,202,2014,2014,,2022/09/29,currently-reading,currently-reading (#39),currently-reading,,,,1,0
29361797,Catch a Star: Shining through Adversity to Become a Champion,Tamika Catchings,"Catchings, Tamika","Ken Petersen, Tony Dungy","=""1441219633""","=""9781441219633""",0,4.04,Revell,Kindle Edition,257,2016,,,2019/01/18,"authors-of-color, biographies, female-authors, to-read","authors-of-color (#28), biographies (#17), female-authors (#24), to-read (#786)",to-read,,,,0,0
57382348,StarLion: Thieves of the Red Night,Leon  Langford,"Langford, Leon",,"=""1736185004""","=""9781736185001""",0,4.30,Leonard Leroy Langford Jr.,Kindle Edition,388,2021,,,2022/09/04,currently-reading,currently-reading (#38),currently-reading,,,,1,0
56560525,The 4 Disciplines of Execution: Revised and Updated: Achieving Your Wildly Important Goals,Chris McChesney,"McChesney, Chris","Sean Covey, Jim Huling, Scott Thele, Beverly Walker","=""1982156996""","=""9781982156992""",0,4.08,Simon & Schuster,Kindle Edition,316,2021,,,2021/08/31,currently-reading,currently-reading (#24),currently-reading,,,,1,0
51181015,The Psychology of Money,Morgan Housel,"Housel, Morgan",,"=""085719769X""","=""9780857197696""",0,4.29,Harriman House,Kindle Edition,224,2020,2020,,2022/04/27,currently-reading,currently-reading (#37),currently-reading,,,,1,0
55503613,"The Law of Success: Napoleon Hill's Writings on Personal Achievement, Wealth and Lasting Success (Official Publication of the Napoleon Hill Foundation)",Napoleon Hill,"Hill, Napoleon",,"=""164095208X""","=""9781640952089""",0,4.32,Sound Wisdom,Kindle Edition,256,2021,1925,,2021/04/26,currently-reading,currently-reading (#19),currently-reading,,,,1,0
18897583,Relentless: From Good to Great to Unstoppable (Tim Grover Winning Series),Tim S. Grover,"Grover, Tim S.",,"=""""","=""""",0,3.96,Scribner,Kindle Edition,221,2013,2013,,2022/04/06,currently-reading,currently-reading (#36),currently-reading,,,,1,0
35558933,The Four Agreements: A Practical Guide to Personal Freedom,Miguel Ruiz,"Ruiz, Miguel",,"=""""","=""""",0,4.19,Amber-Allen Publishing,Kindle Edition,153,2011,1997,,2022/04/03,currently-reading,currently-reading (#35),currently-reading,,,,1,0
32739558,Showboat: The Life of Kobe Bryant,Roland Lazenby,"Lazenby, Roland",,"=""0316387274""","=""9780316387279""",0,4.30,"Little, Brown and Company",Kindle Edition,785,2016,2016,,2022/04/01,currently-reading,currently-reading (#34),currently-reading,,,,1,0
55513377,"The Code Breaker: Jennifer Doudna, Gene Editing, and the Future of the Human Race",Walter Isaacson,"Isaacson, Walter",,"=""1982115874""","=""9781982115876""",0,4.28,Simon & Schuster,Kindle Edition,552,2021,2021,,2022/04/01,currently-reading,currently-reading (#33),currently-reading,,,,1,0
29965800,The Subtle Art of Not Giving a F*ck: A Counterintuitive Approach to Living a Good Life,Mark Manson,"Manson, Mark",,"=""""","=""""",5,3.87,HarperOne,ebook,229,2016,2016,2022/03/30,2022/03/23,,,read,,,,1,0
43854293,Talking to Strangers: What We Should Know About the People We Don’t Know,Malcolm Gladwell,"Gladwell, Malcolm",,"=""""","=""""",0,4.00,"Little, Brown and Company",Kindle Edition,401,2019,2019,,2022/03/29,currently-reading,currently-reading (#32),currently-reading,,,,1,0
49952699,Introduction to Data Visualization & Storytelling: A Guide For The Data Scientist,Jose Berengueres,"Berengueres, Jose",,"=""""","=""""",0,3.90,,Kindle Edition,137,2019,,,2022/03/27,currently-reading,currently-reading (#31),currently-reading,,,,1,0
6691823,The 33 Strategies of War,Robert Greene,"Greene, Robert",Joost Elffers,"=""1101147342""","=""9781101147344""",0,4.23,Penguin Books,Kindle Edition,512,2007,2001,,2018/02/26,currently-reading,currently-reading (#30),currently-reading,,,,1,0
9259191,Let's Get Real About Money!: Profit from the Habits of the Best Personal Finance Managers,Eric Tyson,"Tyson, Eric",,"=""0137130864""","=""9780137130863""",0,2.94,,Kindle Edition,354,,,,2011/09/08,"books-i-own, to-read","books-i-own (#33), to-read (#132)",to-read,,,,0,1
55042448,The Art of Data Analysis: Non-Technical Skills for Data Analysts,Alberto Scappini,"Scappini, Alberto",,"=""""","=""""",0,3.45,,Kindle Edition,304,2020,,,2021/12/31,currently-reading,currently-reading (#29),currently-reading,,,,1,0
53733086,The Data Detective: Ten Easy Rules to Make Sense of Statistics,Tim Harford,"Harford, Tim",,"=""0593084594""","=""9780593084595""",0,4.12,Riverhead Books,Hardcover,336,2021,2020,,2022/01/27,to-read,to-read (#851),to-read,,,,0,0
49994260,"Limitless: Upgrade Your Brain, Learn Anything Faster, and Unlock Your Exceptional Life",Jim Kwik,"Kwik, Jim",,"=""1401958249""","=""9781401958244""",0,4.07,Hay House Inc.,Kindle Edition,343,2020,2020,,2021/12/10,currently-reading,currently-reading (#28),currently-reading,,,,1,0
58380887,Crazy Faith: It's Only Crazy Until It Happens,Michael  Todd,"Todd, Michael",,"=""0593239202""","=""9780593239209""",0,4.34,WaterBrook,Kindle Edition,226,2021,,,2021/10/22,currently-reading,currently-reading (#27),currently-reading,,,,1,0
46217860,A Step-By-Step Guide to Building Wealth from $1: The Black Wealth Masterclass,John D. Saunders,"Saunders, John D.",,"=""""","=""""",0,3.93,,Kindle Edition,127,2019,,,2021/10/16,currently-reading,currently-reading (#26),currently-reading,,,,1,0
56579809,How to Change: The Science of Getting from Where You Are to Where You Want to Be,Katy Milkman,"Milkman, Katy",Angela Duckworth,"=""0593083768""","=""9780593083765""",0,3.84,Portfolio,Kindle Edition,268,2021,2021,,2021/09/30,currently-reading,currently-reading (#25),currently-reading,,,,1,0
58647676,"2043... a Merman I Should Turn to Be (Black Stars, #3)",Nisi Shawl,"Shawl, Nisi",,"=""1542032717""","=""9781542032711""",5,2.95,Amazon Original Stories,Kindle Edition,31,2021,2021,2021/09/08,2021/09/08,,,read,,,,1,0
11556965,The Writings of Abraham Lincoln; Volume 3: Political Speeches & Debates of Lincoln in the Sen,Abraham Lincoln,"Lincoln, Abraham",Arthur Brooks Lapsley,"=""""","=""""",0,4.53,,Kindle Edition,132,,,,2016/04/09,to-read,to-read (#536),to-read,,,,0,0
2001153,QBQ! The Question Behind the Question: Practicing Personal Accountability in business and in Life,John G. Miller,"Miller, John G.",,"=""0966583299""","=""9780966583298""",5,3.79,Denver Pr,Paperback,115,2001,2014,2015/05/24,2015/05/23,"books-i-own, need-to-read-again","books-i-own (#167), need-to-read-again (#4)",read,,,,2,1
37969137,The Essential Paulo Coelho: A Six-Book Collection Led by The Alchemist,Paulo Coelho,"Coelho, Paulo",,"=""0062845063""","=""9780062845061""",0,4.45,HarperOne,Paperback,1448,2018,,,2021/08/23,to-read,to-read (#849),to-read,,,,0,0
56037858,"Lady's Ransom  (The First Argentines, #3)",Jeff Wheeler,"Wheeler, Jeff",,"=""1542027411""","=""9781542027410""",0,4.50,47North,Kindle Edition,459,2021,2021,,2021/08/23,to-read,to-read (#848),to-read,,,,0,0
19776547,Essentialism: The Disciplined Pursuit of Less,Greg McKeown,"McKeown, Greg",,"=""0804137390""","=""9780804137393""",5,4.06,Crown Currency,Kindle Edition,290,2014,2011,2021/08/23,2021/08/19,,,read,,,,1,0
31224572,The Grid: Electrical Infrastructure for a New Era,Gretchen Bakke,"Bakke, Gretchen",,"=""162040124X""","=""9781620401248""",0,3.86,Bloomsbury USA,Kindle Edition,466,2016,2016,,2021/08/15,currently-reading,currently-reading (#23),currently-reading,,,,1,0
51037318,"The Future Is Faster Than You Think: How Converging Technologies Are Transforming Business, Industries, and Our Lives (Exponential Technology Series)",Peter H. Diamandis,"Diamandis, Peter H.",Steven Kotler,"=""""","=""""",5,4.13,Simon & Schuster,Kindle Edition,375,2020,2020,2021/08/06,2021/07/20,,,read,,,,1,0
19213688,"The Freedom Manifesto: How To Make A Million Dollars, Travel The World, And Live The Life Of Your Dreams",Ryan Moran,"Moran, Ryan",,"=""""","=""""",0,3.74,Freedom Fast Lane LLC,Kindle Edition,80,2013,2013,,2015/04/22,currently-reading,currently-reading (#22),currently-reading,,,,1,0
356896,The Greatest Salesman in the World,Og Mandino,"Mandino, Og",,"=""055327757X""","=""9780553277579""",5,4.21,Bantam,Mass Market Paperback,118,1983,1968,2015/05/10,2011/09/30,"books-i-own, yearly-re-reads","books-i-own (#155), yearly-re-reads (#2)",read,,,,2,1
49195924,No Rules Rules: Netflix and the Culture of Reinvention,Reed Hastings,"Hastings, Reed",Erin Meyer,"=""1984877879""","=""9781984877871""",0,4.27,Penguin Press,Kindle Edition,320,2020,2020,,2021/07/15,currently-reading,currently-reading (#21),currently-reading,,,,1,0
40930710,The Millionaire Fastlane,M.J. DeMarco,"DeMarco, M.J.",,"=""""","=""""",0,4.30,Viperion Publishing,Kindle Edition,336,2011,2010,,2021/06/29,currently-reading,currently-reading (#20),currently-reading,,,,1,0
20874659,Show Your Work!: 10 Ways to Share Your Creativity and Get Discovered (Austin Kleon),Austin Kleon,"Kleon, Austin",,"=""""","=""""",0,4.08,Workman Publishing Company,Kindle Edition,131,2014,2014,,2021/05/08,currently-reading,currently-reading (#18),currently-reading,,,,1,0
18896874,"Cress (The Lunar Chronicles, #3)",Marissa Meyer,"Meyer, Marissa",,"=""""","=""""",5,4.40,Feiwel & Friends,Kindle Edition,566,2014,2014,2018/04/11,2018/04/06,,,read,,,,1,0
52801473,Machine Learning Pocket Reference: Working with Structured Data in Python,Matt Harrison,"Harrison, Matt",,"=""1492047503""","=""9781492047506""",0,4.02,O'Reilly Media,Kindle Edition,320,2019,,,2021/04/20,currently-reading,currently-reading (#17),currently-reading,,,,1,0
55082258,"Warrior's Ransom (The First Argentines, #2)",Jeff Wheeler,"Wheeler, Jeff",,"=""154202739X""","=""9781542027397""",0,4.53, 47North,Kindle Edition,408,2021,2021,,2021/04/19,to-read,to-read (#847),to-read,,,,0,0
42439405,"Python Crash Course: A Hands-On, Project-Based Introduction to Programming",Eric Matthes,"Matthes, Eric",,"=""1593279299""","=""9781593279295""",0,4.36,No Starch Press,Kindle Edition,544,2019,2015,,2021/04/18,currently-reading,currently-reading (#16),currently-reading,,,,1,0
42771964,How to Lead in a World of Distraction: Four Simple Habits for Turning Down the Noise,Clay Scroggins,"Scroggins, Clay",,"=""0310598699""","=""9780310598695""",0,4.02,Zondervan,Hardcover,224,2019,,,2021/04/04,to-read,to-read (#846),to-read,,,,0,0
8205855,The 4-Hour Workweek,Timothy Ferriss,"Ferriss, Timothy",,"=""0307591166""","=""9780307591166""",4,3.91,Crown Archetype,Kindle Edition,332,2009,2007,2017/12/14,2013/08/19,currently-reading,currently-reading (#15),currently-reading,,,,2,0
19802994,The Seven Decisions: Understanding the Keys to Personal Success,Andy Andrews,"Andrews, Andy",,"=""""","=""""",0,4.30,Thomas Nelson,Kindle Edition,194,2014,2014,,2021/03/02,currently-reading,currently-reading (#14),currently-reading,,,,1,0
43586628,The Power of Passive Income: Make Your Money Work for You,Nightingale-Conant,"Nightingale-Conant, Nightingale-Conant","Staff of Entrepreneur Media, Robert W. Bly","=""1613083963""","=""9781613083963""",0,3.25,Entrepreneur Press,Kindle Edition,253,2019,,,2021/01/17,currently-reading,currently-reading (#13),currently-reading,,,,1,0
43296954,"The 30-Day Money Cleanse: Take Control of Your Finances, Manage Your Spending, and De-Stress Your Money for Good (Personal Finance and Budgeting Self-Help Book)",Ashley Feinstein Gerstley,"Gerstley, Ashley Feinstein",,"=""1492665371""","=""9781492665373""",0,3.22,Sourcebooks,Kindle Edition,238,2019,,,2021/01/17,currently-reading,currently-reading (#12),currently-reading,,,,1,0
18112486,As a Man Thinketh,James Allen,"Allen, James",,"=""""","=""""",5,4.24,,Kindle Edition,43,2012,1902,2016/04/09,2016/01/23,,,read,,,,2,1
55447811,Billion Dollar Loser: The Epic Rise and Spectacular Fall of Adam Neumann and WeWork,Reeves  Wiedeman,"Wiedeman, Reeves",,"=""0316461342""","=""9780316461344""",0,4.09,"Little, Brown and Company",Kindle Edition,353,2020,2020,,2020/12/24,currently-reading,currently-reading (#11),currently-reading,,,,1,0
25076674,The Alchemist: A Fable About Following Your Dream,Paulo Coelho,"Coelho, Paulo",Alan R. Clarke,"=""""","=""""",5,3.92,HarperOne,Kindle Edition,84,2021,1988,2020/12/23,2019/02/05,,,read,,,,1,0
19252278,A Gift of Love: Sermons from Strength to Love and Other Preachings (King Legacy Book 7),Martin Luther King Jr.,"Jr., Martin Luther King","Coretta Scott King, Raphael G.Warnock","=""0807000779""","=""9780807000779""",0,4.48,Beacon Press,Kindle Edition,225,2012,2012,,2018/04/04,to-read,to-read (#845),to-read,,,,0,0
34941133,Principles: Life and Work,Ray Dalio,"Dalio, Ray",,"=""""","=""""",0,4.10,Avid Reader Press / Simon & Schuster,Kindle Edition,592,2017,2017,,2018/02/23,to-read,to-read (#844),to-read,,,,0,0
35289782,The Souls of Black Folk,W.E.B. Du Bois,"Bois, W.E.B. Du",,"=""154209755X""","=""9781542097550""",0,4.31,AmazonClassics,Kindle Edition,252,2017,1903,,2015/12/28,"books-i-own, to-read","books-i-own (#196), to-read (#843)",to-read,,,,0,0
19011793,"THE LAW OF SUCCESS. The Complete 16 lessons, based on the original 1928 edition. (Timeless Wisdom Collection)",Napoleon Hill,"Hill, Napoleon",,"=""""","=""""",0,4.32,Business and Leadership Publishing,Kindle Edition,858,2013,1925,,2020/10/25,to-read,to-read (#842),to-read,,,,0,0
8836716,The Millionaire Real Estate Investor,Gary Keller,"Keller, Gary","Dave Jenks, Jay Papasan","=""0071469532""","=""9780071469531""",5,4.24,McGraw-Hill Companies,Kindle Edition,408,2005,2005,2018/07/18,2014/10/13,"real-estate, need-to-read-again, need-a-deep-dive, yearly-re-reads","real-estate (#9), need-to-read-again (#7), need-a-deep-dive (#2), yearly-re-reads (#5)",read,,,,2,0
23811681,The Book on Investing In Real Estate with No (and Low) Money Down: Real Life Strategies for Investing in Real Estate Using Other People's Money,Brandon Turner,"Turner, Brandon",Joshua Dorkin,"=""0990711722""","=""9780990711728""",0,4.19,BiggerPockets Publishing,Kindle Edition,210,2014,2014,,2018/04/02,"real-estate, to-read","real-estate (#8), to-read (#841)",to-read,,,,0,0
37927610,Filters of a Broken Soul: A Soul's Journey from Brokenness to Love (Soul Peace Book 17),Kisha Walker,"Walker, Kisha",,"=""""","=""""",0,5.00,,Kindle Edition,39,2018,,,2018/01/17,"authors-i-know, books-i-own, female-authors, to-read","authors-i-know (#6), books-i-own (#295), female-authors (#5), to-read (#840)",to-read,,,,0,0
18625883,The First 20 Hours: How to Learn Anything . . . Fast!,Josh Kaufman,"Kaufman, Josh",,"=""1101623047""","=""""",0,3.46,Portfolio,Kindle Edition,292,2013,,,2016/03/10,to-read,to-read (#839),to-read,,,,0,0
36072,The 7 Habits of Highly Effective People: Powerful Lessons in Personal Change,Stephen R. Covey,"Covey, Stephen R.",Jim Collins,"=""0743269519""","=""9780743269513""",0,4.16,Free Press,Paperback,372,2004,1989,,2011/08/01,"books-i-own, to-read","books-i-own (#111), to-read (#838)",to-read,,,,0,1
30643,The Screwtape Letters,C.S. Lewis,"Lewis, C.S.",,"=""0020867409""","=""9780020867401""",0,4.27,Collier Books Macmillan Publishing Company,Mass Market Paperback,172,1982,1942,,2015/08/13,to-read,to-read (#837),to-read,,,,0,0
8777667,The Lean Six Sigma Pocket Toolbook: A Quick Reference Guide to Nearly 100 Tools for Improving Quality and Speed,Michael L. George,"George, Michael L.","John Maxey, David T. Rowlands, Mark Price","=""""","=""""",0,3.95,,Kindle Edition,328,,2004,,2018/05/30,to-read,to-read (#836),to-read,,,,0,0
18831923,The Action Bible: God's Redemptive Story,David C. Cook,"Cook, David C.",Sergio Cariello,"=""""","=""""",0,4.56,David C Cook,Kindle Edition,765,2010,2010,,2019/05/21,to-read,to-read (#835),to-read,,,,0,0
33792742,12 Rules for Life: An Antidote to Chaos,Jordan B. Peterson,"Peterson, Jordan B.",,"=""0345816048""","=""9780345816047""",0,3.91,Random House Canada,Kindle Edition,432,2018,2018,,2019/09/25,to-read,to-read (#834),to-read,,,,0,0
35062948,History of the Black Dollar,Angel Rich,"Rich, Angel","Sharon Redmond, Brenda Sayles, Maya Rockeymoore","=""""","=""""",0,4.10,,Kindle Edition,146,2017,,,2019/11/12,to-read,to-read (#833),to-read,,,,0,0
998,The Millionaire Next Door: The Surprising Secrets of America's Wealthy,Thomas J. Stanley,"Stanley, Thomas J.",William D. Danko,"=""0671015206""","=""9780671015206""",4,4.05,Gallery Books,Paperback,258,1998,1995,2016/06/17,2015/05/05,,,read,,,,2,1
36336614,The Little Book of Common Sense Investing: The Only Way to Guarantee Your Fair Share of Stock Market Returns (Little Books. Big Profits),John C. Bogle,"Bogle, John C.",,"=""""","=""""",0,4.15,Wiley,Kindle Edition,287,2017,2007,,2015/10/24,to-read,to-read (#832),to-read,,,,0,0
18940640,Security Analysis,Benjamin Graham,"Graham, Benjamin","David Dodd, Warren Buffett","=""""","=""""",0,4.30,McGraw Hill,Kindle Edition,817,2008,1934,,2020/04/18,to-read,to-read (#831),to-read,,,,0,0
34103265,Side Hustle: From Idea to Income in 27 Days,Chris Guillebeau,"Guillebeau, Chris",,"=""152475885X""","=""9781524758851""",0,3.69,Crown Currency,Kindle Edition,250,2017,2017,,2020/06/09,to-read,to-read (#830),to-read,,,,0,0
36597514,Practical SQL: A Beginner's Guide to Storytelling with Data,Anthony DeBarros,"DeBarros, Anthony",,"=""1593278454""","=""9781593278458""",0,4.25,No Starch Press,Kindle Edition,601,2018,,,2020/08/07,to-read,to-read (#829),to-read,,,,0,0
13026705,Learning SQL,Alan Beaulieu,"Beaulieu, Alan",,"=""0596108907""","=""9780596108908""",0,3.98,,Kindle Edition,409,,2005,,2020/08/08,to-read,to-read (#828),to-read,,,,0,0
43419431,Dune (Dune #1),Frank Herbert,"Herbert, Frank",,"=""""","=""""",0,4.29,Ace,Kindle Edition,883,2018,1965,,2020/10/12,to-read,to-read (#827),to-read,,,,0,0
8251225,The Greatest Trade Ever: The Behind-the-Scenes Story of How John Paulson Defied Wall Street and Made Financial History,Gregory Zuckerman,"Zuckerman, Gregory",,"=""""","=""""",0,4.07,,Kindle Edition,322,,2009,,2020/10/31,to-read,to-read (#826),to-read,,,,0,0
19173345,The 21 Indispensable Qualities of a Leader: Becoming the Person Others Will Want to Follow,John C. Maxwell,"Maxwell, John C.",,"=""""","=""""",0,4.16,HarperCollins Leadership,Kindle Edition,177,2007,2013,,2012/03/28,to-read,to-read (#825),to-read,,,,0,0
23263733,How Google Works,Eric Schmidt,"Schmidt, Eric",Jonathan Rosenberg,"=""""","=""""",0,4.05,Grand Central Publishing,Kindle Edition,303,2014,2014,,2019/01/21,to-read,to-read (#824),to-read,,,,0,0
46068688,Data Science from Scratch: First Principles with Python,Joel Grus,"Grus, Joel",,"=""1492041092""","=""9781492041092""",0,3.91,O'Reilly Media,Kindle Edition,408,2019,2015,,2020/10/14,to-read,to-read (#823),to-read,,,,0,0
54503946,The Path: Accelerating Your Journey to Financial Freedom,Peter Mallouk,"Mallouk, Peter",Tony  Robbins,"=""1642937029""","=""9781642937022""",0,4.01,Post Hill Press,Kindle Edition,316,2020,2020,,2020/11/01,to-read,to-read (#822),to-read,,,,0,0
42109660,The 12 Week Year Field Guide: Get More Done In 12 Weeks Than Others Do In 12 Months,Brian P. Moran,"Moran, Brian P.",Michael Lennington,"=""""","=""""",0,3.89,Wiley,Kindle Edition,117,2018,,,2020/11/09,to-read,to-read (#821),to-read,,,,0,0
19307181,Think and Grow Rich! (The Unabridged Classic by Napoleon Hill),Napoleon Hill,"Hill, Napoleon",,"=""8074849279""","=""9788074849275""",0,4.17,e-artnow,Kindle Edition,210,2013,2014,,2011/08/01,"books-i-own, currently-reading","books-i-own (#52), currently-reading (#10)",currently-reading,,,,1,0
29523843,Lean Six Sigma: Value Stream Mapping: Simplified Beginner’s Guide to Eliminating Waste and Adding Value with Lean,Jerry Kershen,"Kershen, Jerry",,"=""""","=""""",0,3.00,,Kindle Edition,58,2016,,,2016/04/09,to-read,to-read (#820),to-read,,,,0,0
11095065,The Pursuit of God,A.W. Tozer,"Tozer, A.W.",,"=""""","=""""",5,4.38,,Kindle Edition,113,2011,1948,2016/04/17,2012/06/24,"books-i-own, yearly-re-reads","books-i-own (#113), yearly-re-reads (#3)",read,,,,1,1
39317186,Make Time: How to Focus on What Matters Every Day,Jake Knapp,"Knapp, Jake",John Zeratsky,"=""0525572430""","=""9780525572435""",0,4.07,Crown,Kindle Edition,304,2018,2018,,2020/09/28,currently-reading,currently-reading (#9),currently-reading,,,,1,0
53590505,After the Rain,Nnedi Okorafor,"Okorafor, Nnedi","John Jennings, David Brame","=""1683358341""","=""9781683358343""",0,3.64,Abrams ComicArts - Megascope,Kindle Edition,128,2021,2021,,2020/10/31,to-read,to-read (#819),to-read,,,,0,0
43801483,"Skyward (Skyward, #1)",Brandon Sanderson,"Sanderson, Brandon",,"=""0399555803""","=""9780399555800""",0,4.46,Ember,Paperback,510,2019,2018,,2020/10/28,to-read,to-read (#818),to-read,,,,0,0
52117393,That Will Never Work: The Birth of Netflix and the Amazing Life of an Idea,Marc Randolph,"Randolph, Marc",,"=""0316530212""","=""9780316530217""",4,4.22,"Little, Brown and Company",Kindle Edition,337,2019,2019,2020/10/25,2020/10/06,,,read,,,,1,0
27271098,Principles of Biblical Hermeneutics,J. Edwin Hartill,"Hartill, J. Edwin",,"=""""","=""""",0,4.06,SolidChristianBooks.com,Kindle Edition,156,2015,1960,,2011/08/01,"books-i-own, currently-reading","books-i-own (#55), currently-reading (#6)",currently-reading,,,,1,0
53093785,"The Buried World (The Grave Kingdom, #2)",Jeff Wheeler,"Wheeler, Jeff",,"=""1542015022""","=""9781542015028""",0,4.33,47North,Kindle Edition,336,2020,2020,,2020/06/18,to-read,to-read (#817),to-read,,,,0,0
52880811,Star Trek: Picard—Countdown #1,Kirsten Beyer,"Beyer, Kirsten","Mike Johnson, Ángel Hernández","=""""","=""""",0,4.08,IDW,Kindle Edition,35,2019,2019,,2020/04/21,to-read,to-read (#816),to-read,,,,0,0
19031086,"Mastering The Art of Success (Les Brown, Jack Canfield, Mark V Hansen, Jodi Nicholson et al Book 7)",Les Brown,"Brown, Les","Jodi Nicholson, Jack Canfield, Mark Victor Hansen","=""""","=""""",0,3.58,Sterling Publishing Group (Distributor of Kindle),Kindle Edition,357,2013,2011,,2016/04/09,to-read,to-read (#625),to-read,,,,0,0
33970500,Profit First: Transform Your Business from a Cash-Eating Monster to a Money-Making Machine,Mike Michalowicz,"Michalowicz, Mike",,"=""0735214166""","=""9780735214163""",5,4.26,Portfolio,Kindle Edition,222,2017,2014,2020/01/30,2017/07/10,,,read,,,,1,0
6587033,"Awaken the Giant Within: How to Take Immediate Control of Your Mental, Emotional, Physical and Financial Destiny!",Tony Robbins,"Robbins, Tony",,"=""0743274334""","=""9780743274333""",0,4.15,Simon  Schuster,Kindle Edition,785,2007,1992,,2015/05/20,"books-i-own, currently-reading","books-i-own (#165), currently-reading (#7)",currently-reading,,,,1,0
45211636,"Buy, Rehab, Rent, Refinance, Repeat: The BRRRR Rental Property Investment Strategy Made Simple",David     Greene,"Greene, David",,"=""""","=""""",5,4.39,BiggerPockets Publishing,Kindle Edition,434,2019,2019,2020/01/06,2019/12/27,,,read,,,,1,0
7510517,13 Bankers: The Wall Street Takeover and the Next Financial Meltdown,Simon Johnson,"Johnson, Simon",James Kwak,"=""0307379051""","=""9780307379054""",0,3.87,Pantheon,Hardcover,305,2010,2010,,2019/12/26,to-read,to-read (#815),to-read,,,,0,0
33017049,Rest: Why You Get More Done When You Work Less,Alex Soojung-Kim Pang,"Pang, Alex Soojung-Kim",,"=""""","=""""",5,3.79,Basic Books,Kindle Edition,309,2016,2016,2019/12/21,2019/06/25,,,read,,,,1,0
22007696,The Business of the 21st Century,Robert T. Kiyosaki,"Kiyosaki, Robert T.",,"=""1935944398""","=""9781935944393""",0,3.88,Success Partners,Paperback,115,2013,,,2019/12/12,to-read,to-read (#814),to-read,,,,0,0
9420697,"The Compound Effect: Jumpstart Your Income, Your Life, Your Success",Darren Hardy,"Hardy, Darren",,"=""""","=""""",5,4.21,SUCCESS Books,Kindle Edition,162,2010,2010,2019/12/11,2016/03/09,,,read,,,,1,0
36432906,Meet the Frugalwoods: Achieving Financial Independence Through Simple Living,Elizabeth Willard Thames,"Thames, Elizabeth Willard",,"=""""","=""""",0,3.74,Harper Business,Kindle Edition,261,2018,2018,,2019/11/25,to-read,to-read (#813),to-read,,,,0,0
18743451,The 15 Invaluable Laws of Growth: Live Them and Reach Your Potential,John C. Maxwell,"Maxwell, John C.",,"=""""","=""""",5,4.31,Center Street,Kindle Edition,271,2012,2012,2019/11/14,2019/11/09,,,read,,,,1,0
35162751,Higher Is Waiting,Tyler Perry,"Perry, Tyler",,"=""0812989368""","=""9780812989366""",5,4.32,Random House,Kindle Edition,207,2017,2017,2019/11/11,2019/10/30,,,read,,,,1,0
40121378,Atomic Habits: An Easy & Proven Way to Build Good Habits & Break Bad Ones,James Clear,"Clear, James",,"=""""","=""""",5,4.32,Avery,Kindle Edition,319,2018,2018,2019/07/26,2019/07/16,,,read,,,,1,0
19084313,The Wealth Choice: Success Secrets of Black Millionaires,Dennis Kimbro,"Kimbro, Dennis",,"=""""","=""""",5,4.35,St. Martin's Press,Kindle Edition,306,2013,2013,2019/11/04,2019/10/26,,,read,,,,1,0
29083342,State of the Union Addresses,Abraham Lincoln,"Lincoln, Abraham",,"=""""","=""""",0,3.50,Firework Press,Kindle Edition,73,2016,,,2016/04/09,to-read,to-read (#543),to-read,,,,0,0
28086793,The Writings of Abraham Lincoln: All Volumes,Abraham Lincoln,"Lincoln, Abraham",,"=""""","=""""",0,4.13,Firework Press,Kindle Edition,0,2015,1953,,2016/04/09,to-read,to-read (#540),to-read,,,,0,0
38745806,Becoming,Michelle Obama,"Obama, Michelle",,"=""""","=""""",5,4.44,Crown,Kindle Edition,428,2018,2018,2019/09/19,2019/01/31,,,read,,,,1,0
39867964,Nine Perfect Strangers,Liane Moriarty,"Moriarty, Liane",,"=""""","=""""",0,3.56,Flatiron Books,ebook,458,2018,2018,,2019/08/26,to-read,to-read (#812),to-read,,,,0,0
34535420,Woolly: The True Story of the Quest to Revive History's Most Iconic Extinct Creature,Ben Mezrich,"Mezrich, Ben",,"=""""","=""""",0,3.50,Atria Books,Kindle Edition,273,2017,2017,,2019/04/18,to-read,to-read (#811),to-read,,,,0,0
27395574,"Firstlife (Everlife, #1)",Gena Showalter,"Showalter, Gena",,"=""1460394194""","=""9781460394199""",0,3.68,Harlequin,Kindle Edition,416,2016,2016,,2019/05/04,to-read,to-read (#810),to-read,,,,0,0
40204948,A Truck Full of Money: One Man's Quest to Recover from Great Success,Tracy Kidder,"Kidder, Tracy",,"=""""","=""""",0,3.52,Random House,Kindle Edition,264,2016,2016,,2019/06/16,to-read,to-read (#809),to-read,,,,0,0
18925493,X-Men: The Dark Phoenix Saga,Chris Claremont,"Claremont, Chris",John Byrne,"=""""","=""""",0,4.25,Marvel,Kindle Edition,200,2006,1980,,2019/06/18,to-read,to-read (#808),to-read,,,,0,0
29932729,"Guardians of the Galaxy: New Guard, Vol. 1: Emperor Quill",Brian Michael Bendis,"Bendis, Brian Michael","Valerio Schiti, Arthur Adams","=""1302485628""","=""9781302485627""",0,3.47,Marvel,Kindle Edition,103,2016,2016,,2019/06/18,to-read,to-read (#807),to-read,,,,0,0
31185359,"Captain Marvel, Vol. 1: Rise of Alpha Flight",Michele Fazekas,"Fazekas, Michele","Tara Butters, Kris Anka","=""1302489208""","=""9781302489205""",0,3.70,Marvel,Kindle Edition,109,2016,2016,,2019/06/19,to-read,to-read (#806),to-read,,,,0,0
33386674,"The Upstarts: How Uber, Airbnb, and the Killer Companies of the New Silicon Valley Are Changing the World",Brad Stone,"Stone, Brad",,"=""""","=""""",0,4.04,"Little, Brown and Company",Kindle Edition,401,2017,2017,,2018/06/12,to-read,to-read (#805),to-read,,,,0,0
20058338,Michael Jordan: The Life,Roland Lazenby,"Lazenby, Roland",,"=""""","=""""",0,4.31,"Little, Brown and Company",Kindle Edition,678,2014,2014,,2019/06/25,to-read,to-read (#804),to-read,,,,0,0
39330937,The Laws of Human Nature,Robert Greene,"Greene, Robert",,"=""0698184548""","=""9780698184541""",0,4.34,Penguin Books,Kindle Edition,624,2018,2018,,2019/07/08,to-read,to-read (#803),to-read,,,,0,0
37559166,"Measure What Matters: How Google, Bono, and the Gates Foundation Rock the World with OKRs",John Doerr,"Doerr, John",Larry Page,"=""052553623X""","=""9780525536239""",0,3.98,Portfolio,Kindle Edition,320,2018,2017,,2019/07/14,to-read,to-read (#802),to-read,,,,0,0
33626812,Irresistible: The Rise of Addictive Technology and the Business of Keeping Us Hooked,Adam Alter,"Alter, Adam",,"=""0698402634""","=""9780698402638""",0,3.85,Penguin Books,Kindle Edition,363,2017,2017,,2019/07/17,to-read,to-read (#801),to-read,,,,0,0
35271706,Billionaires Under Construction: The Mindset of an Entrepreneur,Sbusiso Leope,"Leope, Sbusiso",,"=""0620727160""","=""9780620727167""",0,4.75,Tracey McDonald Publishers,Kindle Edition,134,2017,,,2019/07/20,to-read,to-read (#800),to-read,,,,0,0
42173006,"LeBron, Inc.: The Making of a Billion-Dollar Athlete",Brian Windhorst,"Windhorst, Brian",,"=""1538730863""","=""9781538730867""",0,3.85,Grand Central Publishing,Kindle Edition,257,2019,2019,,2019/07/22,to-read,to-read (#799),to-read,,,,0,0
40192833,New York 2140,Kim Stanley Robinson,"Robinson, Kim Stanley",,"=""""","=""""",0,3.60,Orbit,Kindle Edition,624,2017,2017,,2019/08/03,to-read,to-read (#798),to-read,,,,0,0
18687376,"The Bourne Identity (Jason Bourne, #1)",Robert Ludlum,"Ludlum, Robert",,"=""0307813789""","=""9780307813787""",0,4.05,Bantam Books,Kindle Edition,610,2012,1980,,2019/08/12,to-read,to-read (#797),to-read,,,,0,0
40861864,The Truths We Hold: An American Journey,Kamala Harris,"Harris, Kamala",,"=""""","=""""",5,4.05,Penguin Books,ebook,336,2019,2019,2019/09/06,2019/09/01,"authors-of-color, biographies, female-authors","authors-of-color (#32), biographies (#19), female-authors (#27)",read,,,,1,0
33390368,American Kingpin: The Epic Hunt for the Criminal Mastermind Behind the Silk Road,Nick Bilton,"Bilton, Nick",,"=""0698405730""","=""9780698405738""",5,4.41,Portfolio,Kindle Edition,343,2017,2017,2019/09/11,2019/08/21,,,read,,,,1,0
15721,Voices of a People's History of the United States,Howard Zinn,"Zinn, Howard",Anthony Arnove,"=""1583226478""","=""9781583226476""",0,4.31,Seven Stories Press,Hardcover,672,2004,2004,,2019/09/11,to-read,to-read (#796),to-read,,,,0,0
6568783,"How Successful People Think: Change Your Thinking, Change Your Life",John C. Maxwell,"Maxwell, John C.",,"=""""","=""""",5,3.94,Center Street,Kindle Edition,146,2009,,2019/08/25,2012/03/28,,,read,,,,1,0
6349490,Super Crunchers: Why Thinking-by-Numbers Is the New Way to Be Smart,Ian Ayres,"Ayres, Ian",,"=""""","=""""",4,3.72,Bantam,Kindle Edition,272,2007,2007,2019/08/24,2019/08/21,,,read,,,,1,0
36862147,"The Hate U Give (The Hate U Give, #1)",Angie Thomas,"Thomas, Angie",,"=""""","=""""",5,4.45,Balzer + Bray,Kindle Edition,447,2017,2017,2019/08/20,2019/08/16,,,read,,,,1,0
33369259,Learning TensorFlow: A Guide to Building Deep Learning Systems,Tom Hope,"Hope, Tom","Yehezkel S. Resheff, Itay Lieder","=""1491978511""","=""9781491978511""",0,3.58,O'Reilly Media,Paperback,242,2017,,,2019/08/16,to-read,to-read (#795),to-read,,,,0,0
9328656,"Mining the Social Web: Analyzing Data from Facebook, Twitter, LinkedIn, and Other Social Media Sites",Matthew A. Russell,"Russell, Matthew A.",,"=""1449388345""","=""9781449388348""",0,3.73,O'Reilly Media,Paperback,332,2011,2011,,2019/08/16,to-read,to-read (#794),to-read,,,,0,0
24915344,"Invasion (Alien Invasion, #1)",Sean Platt,"Platt, Sean",Johnny B. Truant,"=""""","=""""",0,3.67,Realm & Sands,Kindle Edition,318,2015,2015,,2019/08/12,to-read,to-read (#793),to-read,,,,0,0
11910905,The Charisma Myth: How Anyone Can Master the Art and Science of Personal Magnetism,Olivia Fox Cabane,"Cabane, Olivia Fox",,"=""1591844568""","=""9781591844563""",0,3.92,Portfolio,Hardcover,264,2012,2012,,2019/07/23,to-read,to-read (#792),to-read,,,,0,0
12609433,The Power of Habit: Why We Do What We Do in Life and Business,Charles Duhigg,"Duhigg, Charles",,"=""1400069289""","=""9781400069286""",5,4.13,Random House,Hardcover,375,2012,2012,2013/05/02,2013/03/18,need-to-read-again,need-to-read-again (#9),read,,,,1,0
81948,The E-myth Revisited,Michael E. Gerber,"Gerber, Michael E.",,"=""0887307280""","=""9780887307287""",5,4.07,Harper Collins,Unknown Binding,269,1995,1985,2015/01/10,2013/08/11,"books-i-own, business, need-to-read-again","books-i-own (#146), business (#2), need-to-read-again (#8)",read,,,,3,1
1023,101 Ways to Massively Increase the Value of Your Real Estate without Spending Much Money,Dolf de Roos,"Roos, Dolf de",,"=""0783579012""","=""9780783579016""",4,4.00,Time-Life Direct,Paperback,96,2002,2002,2015/07/30,2014/12/10,"books-i-own, real-estate, need-to-read-again","books-i-own (#153), real-estate (#1), need-to-read-again (#6)",read,,,,1,1
16481685,"The $100 Startup: Reinvent the Way You Make a Living, Do What You Love, and Create a New Future",Chris Guillebeau,"Guillebeau, Chris",,"=""""","=""""",5,3.89,Amazon,Kindle Edition,263,2012,2012,2017/11/29,2014/12/23,need-to-read-again,need-to-read-again (#5),read,,,,1,0
18716197,The ONE Thing: The Surprisingly Simple Truth About Extraordinary Results,Gary Keller,"Keller, Gary",Jay Papasan,"=""""","=""""",4,4.13,Bard Press,ebook,240,2013,2012,2016/02/27,2016/02/10,"need-to-read-again, need-a-deep-dive","need-to-read-again (#3), need-a-deep-dive (#1)",read,,,,1,1
12394762,The 10X Rule: The Only Difference Between Success and Failure,Grant Cardone,"Cardone, Grant",,"=""""","=""""",5,3.93,,Kindle Edition,261,2011,2011,2018/05/03,2016/04/17,need-to-read-again,need-to-read-again (#2),read,,,,1,0
22308851,Scrum: The Art of Doing Twice the Work in Half the Time,Jeff Sutherland,"Sutherland, Jeff",,"=""0385346468""","=""9780385346467""",5,4.14,Crown Currency,Kindle Edition,363,2014,2014,2019/04/18,2014/11/23,need-to-read-again,need-to-read-again (#1),read,,,,1,0
38799469,Bad Blood: Secrets and Lies in a Silicon Valley Startup,John Carreyrou,"Carreyrou, John",,"=""""","=""""",5,4.41,Vintage,Kindle Edition,353,2018,2018,2019/07/17,2019/07/16,,,read,,,,1,0
35838966,"Dread Nation (Dread Nation, #1)",Justina Ireland,"Ireland, Justina",,"=""0062570625""","=""9780062570628""",5,4.13,Clarion Books,Kindle Edition,418,2018,2018,2019/07/10,2019/07/10,,,read,,,,1,0
19834111,The Marriage You've Always Wanted,Gary Chapman,"Chapman, Gary",,"=""""","=""""",5,3.91,Moody Publishers,Kindle Edition,145,2013,2005,2019/07/09,2019/07/09,,,read,,,,1,0
39671543,Out of the Maze: An A-Mazing Way to Get Unstuck,Spencer Johnson,"Johnson, Spencer",,"=""0525537309""","=""9780525537304""",5,4.12,Putnam,Kindle Edition,58,2018,2018,2019/06/25,2019/06/24,,,read,,,,1,0
35786699,When: The Scientific Secrets of Perfect Timing,Daniel H. Pink,"Pink, Daniel H.",,"=""0735210640""","=""9780735210646""",5,3.79,Riverhead Books,Kindle Edition,268,2018,2018,2019/06/21,2019/01/02,,,read,,,,1,0
11501957,Zone One,Colson Whitehead,"Whitehead, Colson",,"=""""","=""""",4,3.24,Anchor,Kindle Edition,338,2011,2011,2019/06/18,2019/05/05,,,read,,,,1,0
7108725,Start with Why: How Great Leaders Inspire Everyone to Take Action,Simon Sinek,"Sinek, Simon",,"=""1591842808""","=""9781591842804""",0,4.10,Portfolio,Hardcover,256,2009,2009,,2019/06/18,to-read,to-read (#791),to-read,,,,0,0
18893577,The Traveler's Gift: Seven Decisions that Determine Personal Success,Andy Andrews,"Andrews, Andy",,"=""1418568368""","=""9781418568368""",5,4.08,Thomas Nelson,Kindle Edition,225,2005,2002,2019/06/06,2019/05/24,,,read,,,,1,0
35397211,Black Fortunes: The Story of the First Six African Americans Who Escaped Slavery and Became Millionaires,Shomari Wills,"Wills, Shomari",,"=""""","=""""",5,3.94,Amistad,Kindle Edition,301,2018,2018,2019/06/05,2019/05/15,,,read,,,,1,0
34909073,"Everybody Lies: Big Data, New Data, and What the Internet Can Tell Us About Who We Really Are",Seth Stephens-Davidowitz,"Stephens-Davidowitz, Seth",,"=""0062390872""","=""9780062390875""",5,3.91,Dey Street Books,Kindle Edition,357,2017,2017,2019/05/29,2019/05/14,,,read,,,,1,0
24897458,Got To Give the People What They Want: True Stories and Flagrant Opinions from Center Court,Jalen Rose,"Rose, Jalen",,"=""""","=""""",5,3.92,Crown Archetype,Hardcover,288,2015,2015,2019/05/24,2019/05/17,,,read,,,,1,0
25862750,"Year of Yes: How to Dance It Out, Stand In the Sun and Be Your Own Person",Shonda Rhimes,"Rhimes, Shonda",,"=""""","=""""",4,4.06,S&S/ Marysue Rucci Books,Kindle Edition,337,2015,2015,2019/05/23,2019/02/07,,,read,,,,1,0
35219866,Malika Warrior Queen 1,Roye Okupe,"Okupe, Roye","Ayodele Elegba, Chima Kalu, Raphael Kazeem","=""0996607056""","=""9780996607056""",5,3.86,Youneek Studios,Paperback,144,2017,2017,2019/05/21,2019/05/21,,,read,,,,1,0
42934564,"Broken Veil (Harbinger, #5)",Jeff Wheeler,"Wheeler, Jeff",,"=""1542092450""","=""9781542092456""",0,4.48,47North,Kindle Edition,346,2019,2019,,2019/05/14,to-read,to-read (#790),to-read,,,,0,0
33814720,A Generation of Sociopaths: How the Baby Boomers Betrayed America,Bruce Cannon Gibney,"Gibney, Bruce Cannon",,"=""""","=""""",5,3.55,Grand Central Publishing,Kindle Edition,394,2025,2017,2019/05/14,2019/05/05,,,read,,,,1,0
36693795,Hyperfocus: How to Manage Your Attention in a World of Distraction,Chris   Bailey,"Bailey, Chris",,"=""""","=""""",5,3.88,Penguin Books,ebook,252,2018,2018,2019/05/10,2019/04/30,,,read,,,,1,0
43982054,The Water Dancer,Ta-Nehisi Coates,"Coates, Ta-Nehisi",,"=""""","=""""",0,4.06,One World,Hardcover,416,2019,2019,,2019/05/09,to-read,to-read (#789),to-read,,,,0,0
18634501,What the Most Successful People Do Before Breakfast: A Short Guide to Making Over Your Mornings--and Life,Laura Vanderkam,"Vanderkam, Laura",,"=""1591845769""","=""9781591845768""",4,3.41,Portfolio,Kindle Edition,181,2012,2012,2019/04/28,2013/08/05,,,read,,,,1,0
40164573,Miracle Morning Millionaires: What the Wealthy Do Before 8AM That Will Make You Rich (The Miracle Morning Book 11),Hal Elrod,"Elrod, Hal","David Osborn, Honoree Corder","=""1942589247""","=""9781942589242""",0,4.15,"Hal Elrod International, Inc",Kindle Edition,235,2018,,,2018/07/01,to-read,to-read (#788),to-read,,,,0,0
40092129,Who Is Michael Ovitz?,Michael Ovitz,"Ovitz, Michael",,"=""1101601485""","=""9781101601488""",0,4.20,Portfolio,Kindle Edition,384,2018,2018,,2019/01/15,to-read,to-read (#787),to-read,,,,0,0
25065387,Birmingham Civil Rights Movement,David Aretha,"Aretha, David",,"=""""","=""""",0,4.43,"Enslow Publishers, Inc.",Kindle Edition,48,2014,2014,,2019/01/24,to-read,to-read (#785),to-read,,,,0,0
18021144,The Long War (The Long Earth #2),Terry Pratchett,"Pratchett, Terry",,"=""0062067788""","=""9780062067784""",0,3.65,Harper,Kindle Edition,432,2013,2013,,2019/01/28,to-read,to-read (#784),to-read,,,,0,0
8306582,Change We Can Believe In: Barack Obama's Plan to Renew America's Promise,Obama for Change,"Change, Obama for",Barack Obama,"=""""","=""""",0,3.77,,Kindle Edition,290,,2008,,2019/01/31,to-read,to-read (#783),to-read,,,,0,0
38316372,"The Black Count: Glory, Revolution, Betrayal, and the Real Count of Monte Cristo",Tom Reiss,"Reiss, Tom",,"=""""","=""""",0,4.02,Crown,Kindle Edition,434,2012,2012,,2019/01/31,to-read,to-read (#782),to-read,,,,0,0
38403673,"The Space Barons: Elon Musk, Jeff Bezos, and the Quest to Colonize the Cosmos",Christian Davenport,"Davenport, Christian",,"=""1610398300""","=""9781610398305""",4,4.10,PublicAffairs,Kindle Edition,321,2018,2018,2019/04/28,2018/03/19,,,read,,,,1,0
34951569,The Autobiography of Gucci Mane,Gucci Mane,"Mane, Gucci",Neil Martinez-Belkin,"=""""","=""""",5,4.09,Simon & Schuster,Kindle Edition,330,2017,2017,2019/04/17,2019/04/10,,,read,,,,1,0
20205412,"A Time to Break Silence: The Essential Works of Martin Luther King, Jr., for Students (King Legacy Book 10)",Martin Luther King Jr.,"Jr., Martin Luther King",,"=""0807033065""","=""9780807033067""",0,4.50,Beacon Press,Kindle Edition,279,2013,2013,,2019/02/22,to-read,to-read (#781),to-read,,,,0,0
26204166,"Prince of Darkness: The Untold Story of Jeremiah G. Hamilton, Wall Street's First Black Millionaire",Shane White,"White, Shane",,"=""""","=""""",0,3.59,St. Martin's Press,Kindle Edition,442,2015,2015,,2019/02/27,to-read,to-read (#780),to-read,,,,0,0
28796789,"In Such Good Company: Eleven Years of Laughter, Mayhem, and Fun in the Sandbox",Carol Burnett,"Burnett, Carol",,"=""1101904666""","=""9781101904664""",0,3.84,Crown Archetype,Kindle Edition,305,2016,2016,,2019/03/05,to-read,to-read (#779),to-read,,,,0,0
18652373,The New Jim Crow: Mass Incarceration in the Age of Colorblindness,Michelle Alexander,"Alexander, Michelle",Cornel West,"=""1595588191""","=""9781595588197""",0,4.52,The New Press Inc.,Kindle Edition,378,2012,2010,,2019/03/06,to-read,to-read (#778),to-read,,,,0,0
23617309,The Richest Man in Babylon,George S. Clason,"Clason, George S.",,"=""1987817206""","=""9781987817201""",5,4.23,Stellar Editions,Kindle Edition,98,2014,1926,2009/01/01,2011/08/01,"books-i-own, yearly-re-reads","books-i-own (#294), yearly-re-reads (#1)",read,,,,4,1
34389079,"Renegades (Renegades, #1)",Marissa Meyer,"Meyer, Marissa",,"=""""","=""""",4,4.11,Feiwel & Friends,Kindle Edition,563,2017,2017,2019/04/05,2019/03/25,,,read,,,,1,0
35048804,The Mother of Black Hollywood: A Memoir,Jenifer Lewis,"Lewis, Jenifer",,"=""0062410423""","=""9780062410429""",3,4.36,Amistad,Kindle Edition,339,2017,2017,2019/03/25,2019/03/05,,,read,,,,1,0
29555236,Hidden Figures: The American Dream and the Untold Story of the Black Women Mathematicians Who Helped Win the Space Race,Margot Lee Shetterly,"Shetterly, Margot Lee",,"=""0062363611""","=""9780062363619""",5,3.96,William Morrow,Kindle Edition,370,2016,2016,2019/03/18,2017/12/08,,,read,,,,1,0
31451080,Be Free or Die: The Amazing Story of Robert Smalls' Escape from Slavery to Union Hero,Cate Lineberry,"Lineberry, Cate",,"=""1250101867""","=""9781250101860""",5,4.09,St. Martin's Press,Hardcover,288,2017,2017,2019/03/12,2019/03/12,female-authors,female-authors (#26),read,,,,1,0
37761201,We're Going to Need More Wine,Gabrielle Union,"Union, Gabrielle",,"=""""","=""""",5,4.19,Dey Street Books,Kindle Edition,277,2017,2017,2019/03/04,2019/02/28,,,read,,,,1,0
36446605,"Song of Blood & Stone (Earthsinger Chronicles, #1)",L. Penelope,"Penelope, L.",,"=""1250148081""","=""9781250148087""",5,3.70,St. Martin's Press,Kindle Edition,384,2018,2015,2019/02/27,2019/02/10,,,read,,,,1,0
32863040,"The Awkward Thoughts of W. Kamau Bell: Tales of a 6' 4"", African American, Heterosexual, Cisgender, Left-Leaning, Asthmatic, Black and Proud Blerd, Mama's Boy, Dad, and Stand-Up Comedian",W. Kamau Bell,"Bell, W. Kamau",,"=""1101985895""","=""9781101985892""",5,4.00,Dutton,Kindle Edition,347,2017,2017,2019/02/22,2019/02/15,,,read,,,,1,0
36567136,The Sun Does Shine: How I Found Life and Freedom on Death Row,Anthony Ray Hinton,"Hinton, Anthony Ray","Lara Love Hardin, Bryan Stevenson","=""1250124727""","=""9781250124722""",5,4.65,St. Martin's Press,Kindle Edition,359,2018,2018,2019/02/19,2019/02/15,,,read,,,,1,0
36064445,Skin in the Game: The Hidden Asymmetries in Daily Life,Nassim Nicholas Taleb,"Taleb, Nassim Nicholas",,"=""0241300657""","=""9780241300657""",0,3.91,Allen Lane,Paperback,272,2018,2018,,2019/02/15,to-read,to-read (#777),to-read,,,,0,0
4906761,The Audacity of Hope: Thoughts on Reclaiming the American Dream,Barack Obama,"Obama, Barack",,"=""""","=""""",5,3.84,,Kindle Edition,384,2006,2006,2019/02/14,2018/02/28,,,read,,,,1,0
6608157,The Wave: A Novel,Walter Mosley,"Mosley, Walter",,"=""""","=""""",4,3.35,,Kindle Edition,225,,,2019/02/07,2019/02/06,,,read,,,,1,0
8145855,"The Passage (The Passage, #1)",Justin Cronin,"Cronin, Justin",,"=""""","=""""",0,4.05,Ballantine Books,Kindle Edition,785,2010,2010,,2019/01/08,to-read,to-read (#776),to-read,,,,0,0
17697594,"Mila 2.0 (MILA 2.0, #1)",Debra Driza,"Driza, Debra",,"=""""","=""""",0,3.69,Katherine Tegen Books,Kindle Edition,481,2013,2013,,2019/01/26,to-read,to-read (#775),to-read,,,,0,0
33816685,Talon of God,Wesley Snipes,"Snipes, Wesley",,"=""0062668188""","=""9780062668189""",5,3.63,Harper Voyager,Kindle Edition,368,2017,2017,2019/02/06,2019/02/03,,,read,,,,1,0
7940589,Malcolm X: A Life of Reinvention,Manning Marable,"Marable, Manning",,"=""0670022209""","=""9780670022205""",0,4.19,Viking Adult,Hardcover,608,2011,2011,,2019/01/31,to-read,to-read (#774),to-read,,,,0,0
14546626,Total Recall: My Unbelievably True Life Story,Arnold Schwarzenegger,"Schwarzenegger, Arnold",Peter Petre,"=""1451662432""","=""9781451662436""",0,4.17,Simon & Schuster,Hardcover,656,2012,2012,,2019/01/31,to-read,to-read (#773),to-read,,,,0,0
318431,Long Walk to Freedom,Nelson Mandela,"Mandela, Nelson",,"=""0316548189""","=""9780316548182""",0,4.36,Back Bay Books,Paperback,656,1995,1994,,2019/01/31,"to-read, authors-of-color, biographies","to-read (#772), authors-of-color (#31), biographies (#18)",to-read,,,,0,0
10335308,Is Everyone Hanging Out Without Me? (And Other Concerns),Mindy Kaling,"Kaling, Mindy",,"=""0307886263""","=""9780307886262""",0,3.86,Crown Archetype,Hardcover,222,2011,2011,,2018/03/09,"to-read, authors-of-color, female-authors","to-read (#701), authors-of-color (#30), female-authors (#25)",to-read,,,,0,0
88061,Dreams from My Father: A Story of Race and Inheritance,Barack Obama,"Obama, Barack",,"=""1921351438""","=""9781921351433""",0,3.94,New York: Three Rivers Press,Paperback,453,2004,1995,,2019/01/31,"to-read, authors-of-color","to-read (#771), authors-of-color (#29)",to-read,,,,0,0
92057,The Autobiography of Malcolm X,Malcolm X,"X, Malcolm",Alex Haley,"=""""","=""""",0,4.37,Ballantine Books,Mass Market Paperback,466,2015,1965,,2019/01/31,to-read,to-read (#770),to-read,,,,0,0
38096121,The Book of Mistakes: 9 Secrets to Creating a Successful Future,Skip Prichard,"Prichard, Skip",,"=""1478970936""","=""9781478970934""",5,4.17,Center Street,Kindle Edition,193,2018,2018,2019/01/27,2018/02/13,,,read,,,,1,0
36688023,How Not to Get Shot: And Other Advice From White People,D.L. Hughley,"Hughley, D.L.",Doug Moe,"=""0062698559""","=""9780062698551""",5,4.04,Mariner Books,Kindle Edition,271,2018,2018,2019/01/24,2019/01/22,authors-of-color,authors-of-color (#27),read,,,,1,0
4122,Built to Last: Successful Habits of Visionary Companies,Jim Collins,"Collins, Jim",Jerry I. Porras,"=""0060566108""","=""9780060566104""",0,4.06,Harper Business,Hardcover,368,2004,1994,,2019/01/22,to-read,to-read (#769),to-read,,,,0,0
8155000,Getting Naked: A Business Fable about Shedding the Three Fears That Sabotage Client Loyalty,Patrick Lencioni,"Lencioni, Patrick",,"=""""","=""""",5,4.20,Jossey-Bass,Kindle Edition,241,2009,2002,2019/01/21,2013/08/05,,,read,,,,1,0
20410192,"Annihilation (Southern Reach, #1)",Jeff Vandermeer,"Vandermeer, Jeff",,"=""""","=""""",4,3.80,FSG Originals,Kindle Edition,210,2014,2014,2019/01/18,2019/01/08,,,read,,,,1,0
20603758,"Ready Player One (Ready Player One, #1)",Ernest Cline,"Cline, Ernest",,"=""""","=""""",0,4.23,Ballantine Books,Kindle Edition,386,2011,2011,,2016/08/28,to-read,to-read (#675),to-read,,,,0,0
13604418,"The Long Earth (The Long Earth, #1)",Stephen Baxter,"Baxter, Stephen",Terry Pratchett,"=""0062067761""","=""9780062067760""",4,3.79,Harper,Kindle Edition,336,2012,2012,2019/01/15,2019/01/08,,,read,,,,1,0
36146637,Thinking in Bets: Making Smarter Decisions When You Don't Have All the Facts,Annie Duke,"Duke, Annie",,"=""0735216363""","=""9780735216365""",5,3.82,Portfolio,Kindle Edition,288,2018,2018,2019/01/15,2019/01/11,,,read,,,,1,0
35265200,We Were Eight Years in Power: An American Tragedy,Ta-Nehisi Coates,"Coates, Ta-Nehisi",,"=""""","=""""",0,4.38,One World,Kindle Edition,359,2017,2017,,2018/08/03,to-read,to-read (#768),to-read,,,,0,0
36045512,Crushing It!: How Great Entrepreneurs Build Their Business and Influence and How You Can Too – A State-of-the-Art Guide to Personal Branding and Social Media,Gary Vaynerchuk,"Vaynerchuk, Gary",,"=""""","=""""",5,3.96,Harper Business,Kindle Edition,293,2018,2018,2019/01/10,2018/01/30,,,read,,,,1,0
25947237,Originals: How Non-Conformists Move the World,Adam M. Grant,"Grant, Adam M.",Sheryl Sandberg,"=""0698405773""","=""9780698405776""",5,3.95,Penguin Books,Kindle Edition,320,2016,2016,2019/01/08,2019/01/05,,,read,,,,1,0
38447,"The Handmaid’s Tale (The Handmaid's Tale, #1)",Margaret Atwood,"Atwood, Margaret",,"=""038549081X""","=""9780385490818""",0,4.15,Anchor Books,Paperback,311,1998,1985,,2019/01/08,to-read,to-read (#767),to-read,,,,0,0
42865489,Eloia Born: a YA Science Fiction Series,Britta Jensen,"Jensen, Britta",,"=""1732899525""","=""9781732899520""",0,3.93,Murasaki Press LLC,Kindle Edition,315,2019,,,2019/01/08,to-read,to-read (#766),to-read,,,,0,0
25790952,"A Murder in Time (Kendra Donovan, #1)",Julie McElwain,"McElwain, Julie",,"=""1605989746""","=""9781605989747""",0,3.79,Pegasus Crime,Hardcover,498,2016,2016,,2019/01/08,to-read,to-read (#765),to-read,,,,0,0
30134847,"Waking Gods (Themis Files, #2)",Sylvain Neuvel,"Neuvel, Sylvain",,"=""1101886722""","=""9781101886724""",0,4.00, Del Rey,Hardcover,336,2017,2017,,2019/01/08,to-read,to-read (#764),to-read,,,,0,0
25733990,"Sleeping Giants (Themis Files, #1)",Sylvain Neuvel,"Neuvel, Sylvain",,"=""1101886692""","=""9781101886694""",0,3.82,Del Rey,Hardcover,320,2016,2016,,2019/01/08,to-read,to-read (#763),to-read,,,,0,0
35820656,"Only Human (Themis Files, #3)",Sylvain Neuvel,"Neuvel, Sylvain",,"=""0399180117""","=""9780399180118""",0,3.63,Del Rey Books,Hardcover,336,2018,2018,,2019/01/08,to-read,to-read (#762),to-read,,,,0,0
33080122,"The Calculating Stars (Lady Astronaut Universe, #1)",Mary Robinette Kowal,"Kowal, Mary Robinette",,"=""""","=""""",0,3.95,Tor Books,Paperback,431,2018,2018,,2019/01/08,to-read,to-read (#761),to-read,,,,0,0
34728667,"Children of Blood and Bone (Legacy of Orïsha, #1)",Tomi Adeyemi,"Adeyemi, Tomi",,"=""1250170974""","=""9781250170972""",0,4.11,Henry Holt Company,Hardcover,544,2018,2018,,2019/01/08,to-read,to-read (#760),to-read,,,,0,0
35414653,"The Four: The Hidden DNA of Amazon, Apple, Facebook, and Google",Scott Galloway,"Galloway, Scott",,"=""0735213666""","=""9780735213661""",5,3.83,Portfolio,Kindle Edition,336,2017,2017,2019/01/04,2017/11/28,,,read,,,,1,0
31823677,"Tools of Titans: The Tactics, Routines, and Habits of Billionaires, Icons, and World-Class Performers",Timothy Ferriss,"Ferriss, Timothy",Arnold Schwarzenegger,"=""""","=""""",0,4.10,Houghton Mifflin Harcourt,Kindle Edition,827,2016,2016,,2019/01/02,to-read,to-read (#759),to-read,,,,0,0
39071691,"The Bullet Journal Method: Track Your Past, Order Your Present, Plan Your Future",Ryder Carroll,"Carroll, Ryder",,"=""0525533346""","=""9780525533344""",0,4.05,Penguin Publishing Group,Kindle Edition,336,2018,2018,,2019/01/02,to-read,to-read (#758),to-read,,,,0,0
18904874,A Game of Thrones: The Graphic Novel: Volume Two,Daniel Abraham,"Abraham, Daniel","Tommy Patterson, George R.R. Martin","=""""","=""""",0,4.20,Random House Worlds,Kindle Edition,240,2013,2013,,2018/08/14,to-read,to-read (#757),to-read,,,,0,0
6589097,"InterWorld (Interworld, #1)",Neil Gaiman,"Gaiman, Neil",Michael Reaves,"=""""","=""""",0,3.56,HarperCollins,Kindle Edition,263,2009,2007,,2018/08/16,to-read,to-read (#756),to-read,,,,0,0
35718820,"Blockchain: The complete guide to understanding Blockchain Technology for beginners in record time (Hacking Freedom, Data Freedom,Information Technology, ... Blockchain Technology Book 1)",Anthony Idalion,"Idalion, Anthony",,"=""""","=""""",0,3.67,,Kindle Edition,35,2017,,,2018/10/13,to-read,to-read (#755),to-read,,,,0,0
23878688,The 5 Love Languages: The Secret to Love that Lasts,Gary Chapman,"Chapman, Gary",,"=""0802492401""","=""9780802492401""",0,4.27,Northfield Publishing,Kindle Edition,232,2024,1990,,2011/09/30,to-read,to-read (#754),to-read,,,,0,0
6252678,Secrets of the Millionaire Mind: Mastering the Inner Game of Wealth,T. Harv Eker,"Eker, T. Harv",,"=""""","=""""",0,4.22,HarperCollins,ebook,224,2009,2012,,2011/11/19,to-read,to-read (#753),to-read,,,,0,0
9187349,The Prayer of Jabez Bible Study: Breaking Through to the Blessed Life,Bruce H. Wilkinson,"Wilkinson, Bruce H.",,"=""""","=""""",0,4.25,,Kindle Edition,66,,2001,,2018/07/12,to-read,to-read (#752),to-read,,,,0,0
24487482,Big Magic: Creative Living Beyond Fear,Elizabeth Gilbert,"Gilbert, Elizabeth",,"=""0698408314""","=""9780698408319""",0,3.96,Penguin Publishing Group,Kindle Edition,240,2015,2015,,2018/07/18,to-read,to-read (#751),to-read,,,,0,0
34853130,Star Wars: From a Certain Point of View (From a Certain Point of View #1),Elizabeth Schaefer,"Schaefer, Elizabeth","John Jackson Miller, Meg Cabot, Nnedi Okorafor, Sabaa Tahir, Renée Ahdieh, Adam Christopher, Pierce Brown, Gary Whitta, Christie Golden, Ken Liu, Griffin McElroy, Rae Carson, Claudia Gray, Mur Lafferty, Chuck Wendig, Kelly Sue DeConnick, Matt Fraction, Paul Dini, Zoraida Córdova, Delilah S. Dawson, Daniel José Older, Wil Wheaton, Beth Revis, Daniel M. Lavery, Elizabeth Wein, Madeleine Roux, Pablo Hidalgo, Jeffrey   Brown, Kieron Gillen, Glen Weldon, Ben Acker, Ben Blacker, Cavan Scott, Gary D. Schmidt, Ian Doescher, Paul S. Kemp, Jason Fry, Greg Rucka, Alexander Freed, Charles Soule, Ashley Eckstein, Tom Angleberger","=""0425286703""","=""9780425286708""",0,3.94,Del Rey,Kindle Edition,474,2017,2017,,2018/07/18,to-read,to-read (#750),to-read,,,,0,0
18114225,"The Love Playbook: Rules for Love, Sex, and Happiness",La La Anthony,"Anthony, La La",Karen Hunter,"=""0451466446""","=""9780451466440""",0,3.81,Celebra,Hardcover,240,2014,2014,,2018/12/27,to-read,to-read (#749),to-read,,,,0,0
11872402,Darth Plagueis,James Luceno,"Luceno, James",,"=""""","=""""",0,4.19,LucasBooks ,Kindle Edition,461,2012,2012,,2018/08/29,to-read,to-read (#748),to-read,,,,0,0
28001463,Rich Dad's CASHFLOW Quadrant: Rich Dad's Guide to Financial Freedom,Robert T. Kiyosaki,"Kiyosaki, Robert T.",,"=""""","=""""",4,4.16,Plata Publishing,Kindle Edition,320,2015,2012,2018/11/10,2011/08/01,,,read,,,,1,0
27830812,The End of Average: How We Succeed in a World That Values Sameness,Todd Rose,"Rose, Todd",,"=""0062358383""","=""9780062358387""",4,4.04,HarperOne,Kindle Edition,255,2016,2016,2018/11/02,2018/10/16,,,read,,,,1,0
861835,"There's No Such Thing as ""Business"" Ethics: There's Only One Rule for Making Decisions",John C. Maxwell,"Maxwell, John C.",,"=""0446532290""","=""9780446532297""",0,3.96,Center Street,Hardcover,142,2003,,,2012/03/28,to-read,to-read (#185),to-read,,,,0,0
34665169,The 50th Law,Curtis '50 Cent' Jackson,"Jackson, Curtis '50 Cent'",Robert Greene,"=""1202455972""","=""9781202455973""",0,4.17,,Paperback,,2013,2008,,2018/03/27,to-read,to-read (#719),to-read,,,,0,0
25545822,"I Feel Like Going On: Life, Game, and Glory",Ray Lewis,"Lewis, Ray",Daniel Paisner,"=""1501112384""","=""9781501112386""",4,4.02,Atria Books,Kindle Edition,289,2015,2015,2018/09/07,2018/09/06,,,read,,,,1,0
34886186,Phasma,Delilah S. Dawson,"Dawson, Delilah S.",,"=""1524796328""","=""9781524796327""",4,3.79,Random House Publishing Group,Kindle Edition,473,2017,2017,2018/09/05,2018/09/02,,,read,,,,1,0
25654388,Lost Stars (Journey to Star Wars: The Force Awakens),Claudia Gray,"Gray, Claudia",,"=""1484725026""","=""9781484725023""",5,4.29,Disney Book Group,Kindle Edition,349,2015,2015,2018/08/29,2018/08/27,,,read,,,,1,0
27307047,Bloodline,Claudia Gray,"Gray, Claudia",,"=""1101885254""","=""9781101885253""",4,4.07,Del Rey,Kindle Edition,334,2016,2016,2018/08/26,2018/08/23,female-authors,female-authors (#23),read,,,,1,0
5996632,"I, Robot",Isaac Asimov,"Asimov, Isaac",,"=""""","=""""",5,4.21,,ebook,225,2004,1950,2018/08/23,2018/08/20,,,read,,,,1,0
15839976,"Red Rising (Red Rising Saga, #1)",Pierce Brown,"Brown, Pierce",,"=""0345539788""","=""9780345539786""",0,4.27,Del Rey,Hardcover,382,2014,2014,,2018/08/23,to-read,to-read (#747),to-read,,,,0,0
36673422,Black Panther: Long Live the King,Nnedi Okorafor,"Okorafor, Nnedi","Aaron Covington, André Lima Araújo, Mario Del Pennino, Tana Ford","=""1302905384""","=""9781302905385""",0,3.29,Marvel Universe,Paperback,136,2018,2018,,2018/08/23,"authors-of-color, female-authors","authors-of-color (#26), female-authors (#22)",read,,,,0,0
38492838,Black Panther: Long Live the King #6,Nnedi Okorafor,"Okorafor, Nnedi",André Lima Araújo,"=""""","=""""",0,3.77,Marvel Comics,Kindle Edition,24,2018,2018,,2018/08/23,"authors-of-color, female-authors","authors-of-color (#25), female-authors (#21)",read,,,,0,0
37823397,Black Panther: Long Live the King #5,Nnedi Okorafor,"Okorafor, Nnedi",André Lima Araújo,"=""""","=""""",0,3.92,Marvel Comics,Kindle Edition,24,2018,2018,,2018/08/23,"authors-of-color, female-authors","authors-of-color (#24), female-authors (#20)",read,,,,0,0
37715471,Black Panther: Long Live the King #2,Nnedi Okorafor,"Okorafor, Nnedi",André Lima Araújo,"=""""","=""""",0,3.83,Marvel Comics,Kindle Edition,24,2017,2017,,2018/08/23,"to-read, authors-of-color, female-authors","to-read (#746), authors-of-color (#23), female-authors (#19)",to-read,,,,0,0
36374855,Black Panther: Long Live the King #1,Nnedi Okorafor,"Okorafor, Nnedi",André Lima Araújo,"=""""","=""""",0,3.96,Marvel Comics,Kindle Edition,24,2017,2017,,2018/08/23,"to-read, authors-of-color, female-authors","to-read (#745), authors-of-color (#22), female-authors (#18)",to-read,,,,0,0
18746776,"Akata Warrior (The Nsibidi Scripts, #2)",Nnedi Okorafor,"Okorafor, Nnedi",,"=""1101598980""","=""9781101598986""",0,4.22,Viking Books for Young Readers,Kindle Edition,496,2017,2017,,2018/08/23,to-read,to-read (#744),to-read,,,,0,0
7507944,"Akata Witch (The Nsibidi Scripts, #1)",Nnedi Okorafor,"Okorafor, Nnedi",,"=""0670011967""","=""9780670011964""",0,4.03,Viking Children's,Hardcover,349,2011,2011,,2018/08/23,to-read,to-read (#743),to-read,,,,0,0
7767021,Who Fears Death,Nnedi Okorafor,"Okorafor, Nnedi",,"=""075640617X""","=""9780756406172""",0,3.93,DAW Hardcover,Hardcover,386,2010,2010,,2018/08/23,to-read,to-read (#742),to-read,,,,0,0
23281789,"The Book of Phoenix (Who Fears Death, #0)",Nnedi Okorafor,"Okorafor, Nnedi",,"=""0756410193""","=""9780756410193""",0,3.93,DAW,Hardcover,232,2015,2015,,2018/08/23,to-read,to-read (#741),to-read,,,,0,0
25762847,"Binti (Binti, #1)",Nnedi Okorafor,"Okorafor, Nnedi",,"=""""","=""""",4,3.84,Tor.com,ebook,96,2015,2015,2017/10/19,2017/10/19,"authors-of-color, female-authors","authors-of-color (#21), female-authors (#17)",read,,,,1,0
34386617,"The Night Masquerade (Binti, #3)",Nnedi Okorafor,"Okorafor, Nnedi",,"=""0765393131""","=""9780765393135""",0,3.99,Tor.com,Paperback,208,2018,2018,,2018/08/23,"to-read, authors-of-color, female-authors","to-read (#740), authors-of-color (#20), female-authors (#16)",to-read,,,,0,0
32922275,The Stars Are Legion,Kameron Hurley,"Hurley, Kameron",,"=""0857666614""","=""9780857666611""",0,3.64,Angry Robot,Paperback,396,2017,2017,,2018/08/23,to-read,to-read (#739),to-read,,,,0,0
28962996,Six Wakes,Mur Lafferty,"Lafferty, Mur",,"=""0316389684""","=""9780316389686""",0,3.83,Orbit,Paperback,361,2017,2017,,2018/08/23,to-read,to-read (#738),to-read,,,,0,0
30038988,"Home (Binti, #2)",Nnedi Okorafor,"Okorafor, Nnedi",,"=""0765393115""","=""9780765393111""",0,4.03,Tordotcom,Paperback,164,2017,2017,,2018/08/23,"to-read, authors-of-color, female-authors","to-read (#737), authors-of-color (#19), female-authors (#15)",to-read,,,,0,0
2272527,Rich Dad's Increase Your Financial IQ: Getting Smarter with Your Money,Robert T. Kiyosaki,"Kiyosaki, Robert T.",,"=""0446509361""","=""9780446509367""",5,4.07,Business Plus,Paperback,197,2008,2008,2010/01/01,2011/08/01,"books-i-own, investing, rich-dad","books-i-own (#15), investing (#7), rich-dad (#6)",read,,,,1,1
42771,Rich Dad's Prophecy: Why the Biggest Stock Market Crash in History Is Still Coming...and How You Can Prepare Yourself and Profit from It!,Robert T. Kiyosaki,"Kiyosaki, Robert T.",Sharon L. Lechter,"=""0446690341""","=""9780446690348""",4,4.01,Business Plus,Paperback,304,2004,2004,,2011/11/19,"rich-dad, investing","rich-dad (#5), investing (#9)",read,,,,1,1
291447,"Rich Dad, Poor Dad: What the Rich Teach Their Kids about Money – That the Poor and Middle Class Do Not!",Robert T. Kiyosaki,"Kiyosaki, Robert T.",Sharon L. Lechter,"=""0446677450""","=""9780446677455""",5,4.10,Warner Books (NY),Paperback,207,2000,1997,2016/01/10,2011/08/01,"books-i-own, yearly-re-reads, rich-dad","books-i-own (#26), yearly-re-reads (#4), rich-dad (#4)",read,,,,2,1
108582,Own Your Own Corporation: Why the Rich Own Their Own Companies and Everyone Else Works for Them (Rich Dad's Advisors),Garrett Sutton,"Sutton, Garrett",,"=""0446678619""","=""9780446678612""",0,4.18,Warner Business Books,Paperback,317,2001,2001,,2011/08/01,"to-read, books-i-own, rich-dad","to-read (#49), books-i-own (#50), rich-dad (#3)",to-read,,,,0,1
142109,The Abc's Of Real Estate Investing: The Secrets Of Finding Hidden Profits Most Investors Miss (Rich Dad's Advisors),Ken McElroy,"McElroy, Ken",,"=""0446691844""","=""9780446691840""",5,4.13,Business Plus,Paperback,224,2004,2004,2015/07/30,2011/08/01,"books-i-own, real-estate, rich-dad","books-i-own (#150), real-estate (#2), rich-dad (#2)",read,,,,1,1
1030,Real Estate Riches: How to Become Rich Using Your Banker's Money (Rich Dad's Advisors),Dolf de Roos,"Roos, Dolf de",Robert T. Kiyosaki,"=""0446678643""","=""9780446678643""",0,4.14,Warner Business Books,Paperback,192,2001,2001,,2015/03/29,"books-i-own, real-estate, to-read, rich-dad","books-i-own (#154), real-estate (#4), to-read (#348), rich-dad (#1)",to-read,,,,0,1
29246432,"Black Panther, Vol. 1: A Nation Under Our Feet, Book One",Ta-Nehisi Coates,"Coates, Ta-Nehisi","Brian Stelfreeze, Jack Kirby, Stan Lee","=""1302900536""","=""9781302900533""",4,3.74,Marvel Universe,Paperback,144,2016,2016,,2016/03/09,authors-of-color,authors-of-color (#18),read,,,,1,0
19011784,A Father First: How My Life Became Bigger Than Basketball – The Triumphant Memoir by NBA and Olympic Gold Medalist Dwyane Wade,Dwyane Wade,"Wade, Dwyane",,"=""0062136186""","=""""",5,4.06,William Morrow,Kindle Edition,409,2012,2012,2018/08/14,2018/07/26,,,read,,,,1,0
34231882,I Can't Make This Up: Life Lessons,Kevin  Hart,"Hart, Kevin",Neil Strauss,"=""150115558X""","=""9781501155581""",5,4.10,37 Ink,Kindle Edition,401,2017,2017,2018/08/09,2018/08/06,,,read,,,,1,0
24489483,The Misadventures of Awkward Black Girl,Issa Rae,"Rae, Issa",,"=""""","=""""",5,3.77,Atria / 37 Ink,ebook,225,2015,2015,2018/07/26,2018/07/23,,,read,,,,1,0
35627733,The Hollywood Commandments: A Spiritual Guide to Secular Success – Breaking Barriers to Fulfill Your God-Given Calling and Ambition,DeVon Franklin,"Franklin, DeVon",Tim Vandehey,"=""0062684329""","=""9780062684325""",5,4.39,HarperOne,Kindle Edition,252,2017,,2018/07/17,2018/07/11,authors-of-color,authors-of-color (#17),read,,,,1,0
25654381,Black Widow: Forever Red,Margaret Stohl,"Stohl, Margaret",,"=""148473002X""","=""9781484730027""",4,3.67,Random House/Marvel,Kindle Edition,416,2015,2015,2018/06/04,2018/05/09,female-authors,female-authors (#14),read,,,,1,0
28279843,The Wait: A Powerful Practice for Finding the Love of Your Life and the Life You Love,DeVon Franklin,"Franklin, DeVon",Meagan Good,"=""""","=""""",5,4.19,Howard Books,Kindle Edition,273,2016,2015,2018/07/23,2018/07/20,"authors-of-color, female-authors","authors-of-color (#16), female-authors (#13)",read,,,,1,0
17998649,Self-Inflicted Wounds: Heartwarming Tales of Epic Humiliation,Aisha Tyler,"Tyler, Aisha",,"=""""","=""""",0,3.66,It Books,Kindle Edition,256,2013,2013,,2018/05/01,"to-read, authors-of-color, biographies, female-authors","to-read (#730), authors-of-color (#15), biographies (#16), female-authors (#12)",to-read,,,,0,0
8650157,"Flip: How to Find, Fix, and Sell Houses for Profit",Rick Villani,"Villani, Rick","Clay  Davis, Gary Keller","=""007154514X""","=""9780071545143""",0,4.06,McGraw-Hill Companies,Kindle Edition,288,2007,2006,,2018/07/13,"to-read, real-estate","to-read (#736), real-estate (#11)",to-read,,,,0,0
25684783,The Industries of the Future,Alec J. Ross,"Ross, Alec J.",,"=""1476753679""","=""9781476753676""",5,3.96,Simon & Schuster,Kindle Edition,322,2016,2016,2018/07/20,2018/07/18,,,read,,,,1,0
31686023,"Elon Musk: Tesla, SpaceX, and the Quest for a Fantastic Future",Ashlee Vance,"Vance, Ashlee",,"=""""","=""""",5,4.13,Ecco,ebook,400,2015,2015,2017/01/27,2017/01/13,"business, biographies","business (#4), biographies (#1)",read,,,,1,0
13654977,"Hold: How to Find, Buy, and Rent Houses for Wealth (Millionaire Real Estate)",Steve Chader,"Chader, Steve","Jennice Doty, Jim McKissack, Linda McKissack, Gary Keller","=""0071797041""","=""9780071797047""",0,4.20,McGraw Hill,Paperback,320,2012,2012,,2018/07/13,to-read,to-read (#735),to-read,,,,0,0
8147904,Twenty Thousand Leagues Under the Sea,Jules Verne,"Verne, Jules",,"=""""","=""""",0,3.89,Public Domain Books,Kindle Edition,214,2006,1869,,2016/04/09,to-read,to-read (#611),to-read,,,,0,0
23211150,The Virgin Way: Everything I Know About Leadership,Richard Branson,"Branson, Richard",,"=""0698168577""","=""9780698168572""",5,3.95,Portfolio,Kindle Edition,402,2014,2014,2018/06/12,2018/06/05,,,read,,,,1,0
35679911,Bitcoin: An Easy Explanation of Bitcoin and Blockchain,Thomas West,"West, Thomas",,"=""""","=""""",0,2.00,,Kindle Edition,84,2017,,,2017/11/09,to-read,to-read (#734),to-read,,,,0,0
36324302,Smarter Faster Better: The Secrets of Being Productive in Life and Business,Charles Duhigg,"Duhigg, Charles",,"=""""","=""""",0,3.90,Random House LLC,Kindle Edition,401,2016,2016,,2018/03/18,to-read,to-read (#733),to-read,,,,0,0
36691990,The Daily Show: An Oral History,Chris    Smith,"Smith, Chris",,"=""""","=""""",0,4.14,Grand Central Publishing,Kindle Edition,444,2016,2016,,2018/03/28,to-read,to-read (#732),to-read,,,,0,0
8705950,"Delivering Happiness: A Path to Profits, Passion, and Purpose",Tony Hsieh,"Hsieh, Tony",,"=""044657631X""","=""9780446576314""",0,4.04,Business Plus,Kindle Edition,251,2010,2000,,2011/08/01,"books-i-own, to-read","books-i-own (#148), to-read (#731)",to-read,,,,0,0
32336276,"Wonder Woman: Warbringer (DC Icons, #1)",Leigh Bardugo,"Bardugo, Leigh",,"=""""","=""""",0,4.00,Random House Books for Young Readers,Kindle Edition,374,2017,2017,,2018/04/07,to-read,to-read (#729),to-read,,,,0,0
33390298,The Automatic Millionaire: A Powerful One-Step Plan to Live and Finish Rich,David Bach,"Bach, David",,"=""0451499093""","=""9780451499097""",0,3.94,Crown Currency,Kindle Edition,297,2016,2003,,2015/05/05,to-read,to-read (#728),to-read,,,,0,0
9118033,ReWork,Jason Fried,"Fried, Jason",David Heinemeier Hansson,"=""""","=""""",4,3.98,Vermilion,Kindle Edition,288,2010,2010,2018/05/07,2015/05/20,,,read,,,,1,0
27188596,"War Storm (Red Queen, #4)",Victoria Aveyard,"Aveyard, Victoria",,"=""0062422995""","=""9780062422996""",0,3.80,HarperTeen,Hardcover,662,2018,2018,,2018/05/07,to-read,to-read (#727),to-read,,,,0,0
25747742,"The Achievement Habit: Stop Wishing, Start Doing, and Take Command of Your Life",Bernard Roth,"Roth, Bernard",,"=""""","=""""",5,3.67,Harper Business,Kindle Edition,293,2015,2015,2018/05/04,2018/05/01,,,read,,,,1,0
16071020,"Scarlet (The Lunar Chronicles, #2)",Marissa Meyer,"Meyer, Marissa",,"=""""","=""""",5,4.23,Feiwel & Friends,Kindle Edition,332,2013,2013,2018/04/06,2018/04/02,female-authors,female-authors (#11),read,,,,1,0
25645546,"Glass Sword (Red Queen, #2)",Victoria Aveyard,"Aveyard, Victoria",,"=""0062310682""","=""9780062310682""",5,3.78,HarperCollins,Kindle Edition,448,2016,2016,2018/04/02,2018/03/28,female-authors,female-authors (#10),read,,,,1,0
12973964,"Cinder (The Lunar Chronicles, #1)",Marissa Meyer,"Meyer, Marissa",,"=""""","=""""",5,4.12,Feiwel & Friends,ebook,345,2012,2012,2018/03/26,2018/03/09,female-authors,female-authors (#9),read,,,,1,0
35784239,The Last Black Unicorn,Tiffany Haddish,"Haddish, Tiffany",,"=""""","=""""",4,3.83,Gallery Books,ebook,288,2017,2017,2018/04/25,2018/01/22,"authors-of-color, biographies, female-authors","authors-of-color (#14), biographies (#15), female-authors (#8)",read,,,,1,0
30973351,Bossypants,Tina Fey,"Fey, Tina",,"=""""","=""""",5,3.96,Reagan Arthur Books,Kindle Edition,283,2011,2011,2018/03/21,2011/11/14,female-authors,female-authors (#7),read,,,,1,0
25689074,"Stars Above (The Lunar Chronicles, #4.5)",Marissa Meyer,"Meyer, Marissa",,"=""1250091845""","=""9781250091840""",0,4.15,Feiwel & Friends,Hardcover,400,2016,2016,,2018/04/18,to-read,to-read (#726),to-read,,,,0,0
22489107,"Fairest (The Lunar Chronicles, #3.5)",Marissa Meyer,"Meyer, Marissa",,"=""1250060559""","=""9781250060556""",0,3.94,Feiwel & Friends,Hardcover,272,2015,2015,,2018/04/18,to-read,to-read (#725),to-read,,,,0,0
24917919,"Winter (The Lunar Chronicles, #4)",Marissa Meyer,"Meyer, Marissa",,"=""1250068754""","=""9781250068750""",5,4.41,Feiwel & Friends,Kindle Edition,603,2015,2015,2018/04/17,2018/04/11,,,read,,,,1,0
153194,The Millionaire Real Estate Agent: It's Not About the Money It's About Being the Best You Can Be,Gary Keller,"Keller, Gary","Dave Jenks, Jay Papasan","=""0071444041""","=""9780071444040""",0,4.23,McGraw Hill,Paperback,368,2004,2003,,2011/09/30,"to-read, real-estate","to-read (#72), real-estate (#10)",to-read,,,,0,0
13259307,Fahrenheit 451,Ray Bradbury,"Bradbury, Ray",Neil Gaiman,"=""""","=""""",0,3.97,Simon  Schuster,Paperback,159,2012,1953,,2018/04/09,to-read,to-read (#724),to-read,,,,0,0
28824235,Will It Fly?: How to Test Your Next Business Idea So You Don't Waste Your Time and Money,Pat   Flynn,"Flynn, Pat",,"=""0997082313""","=""9780997082319""",0,3.91,SPI Publications,Kindle Edition,305,2016,2016,,2016/04/09,to-read,to-read (#723),to-read,,,,0,0
22129833,Beyond the Gridiron: How to Successfully Transition into Collegiate Football,Travis Key,"Key, Travis",Ashton Henderson,"=""1631221582""","=""9781631221583""",0,5.00,Tate Pub & Enterprises Llc,Paperback,127,2014,2014,,2016/04/17,to-read,to-read (#722),to-read,,,,0,0
12101694,"Skyborn (Star Wars: Lost Tribe of the Sith, #2)",John Jackson Miller,"Miller, John Jackson",,"=""""","=""""",0,3.55,,Kindle Edition,41,,2009,,2011/12/19,"books-i-own, to-read","books-i-own (#225), to-read (#721)",to-read,,,,0,1
114254,Little Black Book of Connections: 6.5 Assets for Networking Your Way to Rich Relationships,Jeffrey Gitomer,"Gitomer, Jeffrey",,"=""1885167660""","=""9781885167668""",0,3.94,Bard Press,Hardcover,230,2006,2006,,2011/11/18,to-read,to-read (#720),to-read,,,,0,0
18826693,The Millionaire Mind (Millionaire Set),Thomas J. Stanley,"Stanley, Thomas J.",,"=""""","=""""",0,4.21,RosettaBooks,Kindle Edition,394,2010,2006,,2011/11/19,currently-reading,currently-reading (#5),currently-reading,,,,1,0
34817615,Farewell Speeches,Barack Obama,"Obama, Barack",Michelle Obama,"=""1612196896""","=""9781612196893""",0,4.38,Melville House,Kindle Edition,80,2017,2017,,2018/03/07,to-read,to-read (#718),to-read,,,,0,0
20995,The Art of Seduction,Robert Greene,"Greene, Robert","Мариана Мелнишка, Робърт Грийн","=""1861977697""","=""9781861977694""",0,3.91,Penguin,Paperback,466,2001,,,2018/03/27,to-read,to-read (#717),to-read,,,,0,0
18661276,The Snowball: Warren Buffett and the Business of Life,Alice Schroeder,"Schroeder, Alice",,"=""""","=""""",0,4.16,Bantam,Kindle Edition,852,2008,2008,,2018/03/15,to-read,to-read (#716),to-read,,,,0,0
18373340,Superman: Red Son,Mark Millar,"Millar, Mark","Dave Johnson, Andrew C. Robinson, Kilian Plunkett, Walden Wong","=""1401247113""","=""9781401247119""",5,4.17,DC Comics,Paperback,168,2014,2003,2018/03/25,2018/03/21,,,read,,,,1,0
20323822,The Negro,W.E.B. Du Bois,"Bois, W.E.B. Du",,"=""""","=""""",0,4.33,,Kindle Edition,151,2012,1915,,2016/04/09,"to-read, authors-of-color","to-read (#499), authors-of-color (#13)",to-read,,,,0,0
13330711,I Want You to Shut the F#ck Up: How the Audacity of Dopes Is Ruining America,D.L. Hughley,"Hughley, D.L.",Michael Malice,"=""0307986233""","=""9780307986238""",0,3.59,Crown Archetype,Hardcover,288,2012,2012,,2018/03/21,to-read,to-read (#715),to-read,,,,0,0
38737913,Adult Coloring Book Cryptocurrency Zombies: Crypto Slang,A.M. Shah,"Shah, A.M.",,"=""1947855166""","=""9781947855168""",0,4.17,99 Pages or Less Publishing LLC,Paperback,82,2018,,,2018/03/19,to-read,to-read (#714),to-read,,,,0,0
35593980,Star Wars: The Force Awakens Graphic Novel Adaptation (Star Wars Movie Adaptations),Alessandro Ferrari,"Ferrari, Alessandro",,"=""1684052106""","=""9781684052103""",0,3.63,IDW Publishing,Paperback,80,2017,,,2018/03/19,to-read,to-read (#713),to-read,,,,0,0
35867754,"Green Lantern: Earth One, Volume 1",Gabriel Hardman,"Hardman, Gabriel",Corinna Sara Bechko,"=""1401241867""","=""9781401241865""",0,3.92,DC Comics,Hardcover,137,2018,2018,,2018/03/19,to-read,to-read (#712),to-read,,,,0,0
33124749,Brandlife: Brand’s Mystery Unveiled,Andrej Drapal,"Drapal, Andrej",,"=""""","=""""",0,4.00,Andrejdrapal.com,Kindle Edition,339,2016,,,2018/03/19,to-read,to-read (#711),to-read,,,,0,0
35881008,The Efficiency Paradox: What Big Data Can't Do,Edward Tenner,"Tenner, Edward",,"=""1400041392""","=""9781400041398""",0,3.28,Knopf,Hardcover,320,2018,2018,,2018/03/19,to-read,to-read (#710),to-read,,,,0,0
38092499,The Growth Dilemma: Determining Your Entrepreneurial Type to Find Your Financing Comfort Zone,Ami Kassar,"Kassar, Ami",,"=""1632991632""","=""9781632991638""",0,3.38,An Inc. Original,Kindle Edition,168,2018,,,2018/03/19,to-read,to-read (#709),to-read,,,,0,0
33358818,Unshakeable: Your Financial Freedom Playbook,Tony Robbins,"Robbins, Tony","Anthony Robbins, Peter Mallouk","=""""","=""""",5,4.06,Simon & Schuster,ebook,257,2017,2017,2018/03/16,2018/03/16,,,read,,,,1,0
28542762,The Burning World (Warm Bodies #2),Isaac Marion,"Marion, Isaac",,"=""1476799733""","=""9781476799735""",4,3.87,Atria/Emily Bestler Books,Kindle Edition,512,2017,2017,2018/03/14,2018/03/13,,,read,,,,1,0
32488960,"The Maid's War (Poisoner of Kingfountain, #3; Kingfountain, #0.5)",Jeff Wheeler,"Wheeler, Jeff",,"=""""","=""""",0,4.35,Amberlin,Kindle Edition,302,2017,2016,,2018/03/13,to-read,to-read (#708),to-read,,,,0,0
36408045,"The Poisoner's Enemy (Kingfountain #0.4, Poisoner of Kingfountain #1)",Jeff Wheeler,"Wheeler, Jeff",,"=""""","=""""",0,4.52,Amberlin,Kindle Edition,312,2018,2018,,2018/03/13,to-read,to-read (#707),to-read,,,,0,0
33401177,"The Silent Shield (Kingfountain, #5)",Jeff Wheeler,"Wheeler, Jeff",,"=""1477828303""","=""9781477828304""",0,4.48,47North,Kindle Edition,320,2017,2017,,2018/03/13,to-read,to-read (#706),to-read,,,,0,0
32057598,"The Hollow Crown (Kingfountain, #4)",Jeff Wheeler,"Wheeler, Jeff",,"=""1503998967""","=""9781503998964""",0,4.38,47North,Kindle Edition,304,2017,2017,,2018/03/13,to-read,to-read (#705),to-read,,,,0,0
9653492,"Warm Bodies (Warm Bodies, #1)",Isaac Marion,"Marion, Isaac",,"=""""","=""""",5,3.91,Atria Books,Kindle Edition,270,2011,2010,2018/03/12,2018/03/09,,,read,,,,1,0
25156227,"Aftermath (Star Wars: Aftermath, #1)",Chuck Wendig,"Wendig, Chuck",,"=""""","=""""",0,3.31,Random House Worlds,Kindle Edition,401,2015,2015,,2016/10/01,to-read,to-read (#704),to-read,,,,0,0
22747637,"Act Like a Success, Think Like a Success: Discovering Your Gift and the Way to Life's Riches – A Practical Guide with Principles for Personal Growth, Transformation, and Achieving Your Dreams",Steve  Harvey,"Harvey, Steve",,"=""""","=""""",0,4.09,Amistad,Kindle Edition,245,2014,2014,,2018/01/19,to-read,to-read (#703),to-read,,,,0,0
22716447,Why Not Me?,Mindy Kaling,"Kaling, Mindy",,"=""0804138141""","=""9780804138147""",0,3.90,Crown Archetype,Hardcover,228,2015,2015,,2018/03/09,to-read,to-read (#702),to-read,,,,0,0
33559198,Black Privilege: Opportunity Comes to Those Who Create It,Charlamagne Tha God,"God, Charlamagne Tha",,"=""""","=""""",0,4.30,Atria Books,Kindle Edition,322,2017,2017,,2018/03/06,to-read,to-read (#700),to-read,,,,0,0
25069886,Modern Romance: An Investigation,Aziz Ansari,"Ansari, Aziz",Eric Klinenberg,"=""069817996X""","=""9780698179967""",4,3.80,Penguin Publishing Group,Kindle Edition,288,2015,2015,2018/03/05,2018/03/02,,,read,,,,1,0
9473008,Of Thee I Sing: A Letter to My Daughters,Barack Obama,"Obama, Barack",Loren Long,"=""0375935274""","=""9780375935275""",3,4.25,Knopf Books for Young Readers,Library Binding,40,2010,2010,2018/02/28,2018/02/28,,,read,,,,1,0
28628882,"Humans, Bow Down",James  Patterson,"Patterson, James","Emily Raymond, Alexander Ovchinnikov","=""0316358924""","=""9780316358927""",5,3.09,"Little, Brown and Company",Kindle Edition,416,2017,2017,2018/02/27,2018/02/26,,,read,,,,1,0
25334550,"When to Rob a Bank: ...and 131 More Warped Suggestions and Well-Intended Rants – A Curated Collection of Witty, Off-Center Economics",Steven D. Levitt,"Levitt, Steven D.",Stephen J. Dubner,"=""""","=""""",4,3.53,William Morrow,Kindle Edition,400,2015,2015,2018/02/23,2018/02/21,,,read,,,,1,0
20657434,The Hard Thing About Hard Things: Building a Business When There Are No Easy Answers,Ben Horowitz,"Horowitz, Ben",,"=""""","=""""",0,4.20,Harper Business,Kindle Edition,308,2014,2014,,2018/01/04,to-read,to-read (#699),to-read,,,,0,0
11994406,Winning the Zero Moment of Truth - ZMOT,Author & Chief ZMOT Evangelist Jim Lecinski,"Lecinski, Author & Chief ZMOT Evangelist Jim",,"=""1614302251""","=""9781614302254""",0,3.70,Vook Inc.,Kindle Edition,53,2011,2011,,2011/09/08,"books-i-own, business, to-read","books-i-own (#34), business (#1), to-read (#698)",to-read,,,,0,1
36354664,"Rise and Grind: Outperform, Outwork, and Outhustle Your Way to a More Successful and Rewarding Life",Daymond John,"John, Daymond",Daniel Paisner,"=""080418996X""","=""9780804189965""",0,3.81,Crown Currency,Kindle Edition,292,2018,2018,,2017/12/12,to-read,to-read (#697),to-read,,,,0,0
9591491,Decoded,Jay-Z,"Jay-Z, Jay-Z",,"=""""","=""""",0,3.86,,Kindle Edition,,,2009,,2018/01/24,to-read,to-read (#696),to-read,,,,0,0
11500159,The Lean Startup: How Today's Entrepreneurs Use Continuous Innovation to Create Radically Successful Businesses,Eric Ries,"Ries, Eric",,"=""""","=""""",4,4.11,,Kindle Edition,336,2011,2011,2018/02/13,2013/08/11,,,read,,,,1,0
8142404,What the Dog Saw and Other Adventures,Malcolm Gladwell,"Gladwell, Malcolm",,"=""""","=""""",4,3.85,"Little, Brown and Company",Kindle Edition,433,2009,2009,2018/02/12,2011/08/01,,,read,,,,1,0
4030991,Shoe Dog,Phil Knight,"Knight, Phil",,"=""1501135937""","=""9781501135934""",5,4.46,Scribner,Kindle Edition,402,2016,2016,2018/01/29,2018/01/24,,,read,,,,1,0
27404604,Alibaba: The House That Jack Ma Built,Duncan Clark,"Clark, Duncan",,"=""""","=""""",4,3.87,Ecco,Kindle Edition,304,2016,2016,2018/01/21,2018/01/17,,,read,,,,1,0
1131631,"Display of Power: How Fubu Changed a World of Fashion, Branding and Lifestyle",Daymond John,"John, Daymond",Daniel Paisner,"=""1595558535""","=""9781595558534""",4,3.94,Naked Ink,Hardcover,223,2007,2007,2011/07/31,2011/07/31,"books-i-own, business, biographies, authors-of-color","books-i-own (#2), business (#3), biographies (#5), authors-of-color (#12)",read,,,,1,1
17992465,Narrative of the Life of Frederick Douglass,Frederick Douglass,"Douglass, Frederick",,"=""""","=""""",5,4.13,,Kindle Edition,116,2012,1845,2016/03/30,2016/02/01,"biographies, authors-of-color, books-i-own","biographies (#3), authors-of-color (#11), books-i-own (#298)",read,<strong>Wow</strong><br/><br/>It was really touching for me to reads the words of a former slave. His take on events is astonishing. ,,,1,1
31948742,Born a Crime: Stories from a South African Childhood (One World Essentials),Trevor Noah,"Noah, Trevor",,"=""""","=""""",5,4.49,One World,Kindle Edition,264,2016,2016,2017/07/19,2017/05/08,"biographies, authors-of-color","biographies (#7), authors-of-color (#10)",read,,,,1,0
30315747,Around the Way Girl,Taraji P. Henson,"Henson, Taraji P.",,"=""""","=""""",5,4.20,37 Ink,Kindle Edition,257,2016,2016,2017/04/27,2017/04/26,"biographies, authors-of-color, female-authors","biographies (#8), authors-of-color (#9), female-authors (#6)",read,,,,1,0
28235223,The Oddfits,Tiffany Tsao,"Tsao, Tiffany",,"=""""","=""""",0,3.62,AmazonCrossing,Unknown Binding,258,2016,2016,,2016/01/07,"to-read, books-i-own, my-kindle-firsts, female-authors","to-read (#455), books-i-own (#285), my-kindle-firsts (#2), female-authors (#4)",to-read,,,,0,1
35572226,JUMP!: How to Overcome Your Faith’s Hardest Challenges in 5 Easy Steps!,Theo Schaffer III,"III, Theo Schaffer",,"=""""","=""""",5,5.00,,Kindle Edition,60,2017,,2017/07/08,2017/07/02,"authors-i-know, authors-of-color, books-i-own","authors-i-know (#4), authors-of-color (#8), books-i-own (#297)",read,"<strong>Amazing Book!!</strong><br/><br/>I was shocked when I read this book. How could a Kobe fan articulate his thoughts so perfectly?? Lol<br/><br/>In all seriousness, I LOVE this book. This may be a book that I add to my yearly ""re-read"" list. Very motivating and encouraging. I love the practical steps at the end of each chapter. I look forward to reading more books by Pastor Schaffer!",,,1,0
12253855,Marvin and The Man,Randall Croom,"Croom, Randall",,"=""0595470548""","=""9780595470549""",5,4.50,iUniverse,Paperback,216,2007,2007,2007/01/01,2011/08/02,"books-i-own, authors-i-know, authors-of-color","books-i-own (#29), authors-i-know (#1), authors-of-color (#7)",read,This book is simply FANTASTIC!!!! By FAR the best fiction I've read in a really really long time!!! The underlying messages are great and it challenges you to grow! A MUST HAVE!!!,,,1,1
28204752,Some A-B-C Doings of HOLY LIVING,Marsha   Williams,"Williams, Marsha",,"=""168207059X""","=""9781682070598""",5,5.00,Tate Publishing,Paperback,120,2016,,2016/01/13,2016/01/07,"books-i-own, authors-i-know, authors-of-color, female-authors","books-i-own (#286), authors-i-know (#3), authors-of-color (#6), female-authors (#3)",read,,,,1,1
13058732,"Expressions Of A Man: Expressions Of Faith, Family, Love & Life",Theodore R. Goyins III,"III, Theodore R. Goyins",,"=""1463420374""","=""9781463420376""",4,4.00,AuthorHouse Publishing,Paperback,216,2011,2011,2012/07/21,2012/06/27,"books-i-own, authors-i-know, authors-of-color","books-i-own (#114), authors-i-know (#2), authors-of-color (#5)",read,,,,1,1
36147894,Think Like a Freak,Steven D. Levitt,"Levitt, Steven D.",,"=""""","=""""",5,3.86,William Morrow,Kindle Edition,293,2014,2014,2018/01/18,2016/09/13,,,read,,,,1,0
35619644,Sticky Notes: From your Christian Husband,Theo L. Schaffer III,"III, Theo L. Schaffer",,"=""""","=""""",5,5.00,,Kindle Edition,20,2017,,2017/07/15,2017/07/07,"authors-i-know, authors-of-color, biographies, books-i-own","authors-i-know (#5), authors-of-color (#4), biographies (#14), books-i-own (#296)",read,"<strong>Short but Sweet</strong><br/><br/>Reading this book about the author's love for his wife, reminded me of the love I have for MY wife.<br/><br/>There's nothing stronger than the bond between God, man, and wife.<br/><br/>Another great read by this author!",,,1,0
25482998,"The Power Playbook: Rules for Independence, Money and Success",La La Anthony,"Anthony, La La",,"=""0698185153""","=""9780698185159""",5,3.95,Celebra,Kindle Edition,252,2015,2015,2018/01/17,2018/01/16,"authors-of-color, biographies, female-authors, business","authors-of-color (#1), biographies (#11), female-authors (#1), business (#7)",read,,,,1,0
28451835,"The Power of Broke: How Empty Pockets, a Tight Budget, and a Hunger for Success Can Become Your Greatest Competitive Advantage",Daymond John,"John, Daymond",Daniel Paisner,"=""1101903600""","=""9781101903605""",5,3.89,Crown Currency,Kindle Edition,266,2016,2016,2017/11/28,2016/02/02,"authors-of-color, biographies, business","authors-of-color (#3), biographies (#13), business (#6)",read,,,,1,0
22369139,Yes Please,Amy Poehler,"Poehler, Amy",,"=""0062268376""","=""9780062268372""",5,3.85,Dey Street Books,Kindle Edition,352,2014,2014,2017/12/13,2017/12/12,"biographies, female-authors","biographies (#12), female-authors (#2)",read,,,,1,0
25360188,Between the World and Me (One World Essentials),Ta-Nehisi Coates,"Coates, Ta-Nehisi",,"=""0679645985""","=""9780679645986""",5,4.40,One World,Kindle Edition,176,2015,2015,2018/01/04,2016/03/09,authors-of-color,authors-of-color (#2),read,,,,1,0
18008756,White Fang,Jack London,"London, Jack",,"=""""","=""""",5,4.03,"Amazon Digital Services, Inc.",Kindle Edition,249,2012,1906,1994/01/01,2018/01/17,,,read,,,,1,0
37761254,Predictably Irrational: The Hidden Forces That Shape Our Decisions,Dan Ariely,"Ariely, Dan",,"=""""","=""""",5,4.12,HarperCollins e-books,Kindle Edition,382,2017,2008,2018/01/08,2015/05/05,,,read,,,,1,0
36512153,The Wolf of Wall Street,Jordan Belfort,"Belfort, Jordan",,"=""""","=""""",0,3.75,Bantam,Kindle Edition,530,2007,2007,,2017/11/14,to-read,to-read (#692),to-read,,,,0,0
34845395,I Know Why the Caged Bird Sings,Maya Angelou,"Angelou, Maya",,"=""""","=""""",0,4.30,Random House,Kindle Edition,317,2009,1969,,2017/11/26,to-read,to-read (#691),to-read,,,,0,0
9408405,"The Art of Non-Conformity: Set Your Own Rules, Live the Life You Want, and Change the World",Chris Guillebeau,"Guillebeau, Chris",,"=""""","=""""",0,3.81,TarcherPerigee,Kindle Edition,256,2010,2014,,2017/11/26,to-read,to-read (#690),to-read,,,,0,0
35120604,"SuperFreakonomics: Global Cooling, Patriotic Prostitutes And Why Suicide Bombers Should Buy Life Insurance",Steven D. Levitt,"Levitt, Steven D.",,"=""""","=""""",5,4.00,HarperCollins Publishers,ebook,414,2009,2009,2017/12/08,2011/08/01,,,read,,,,1,0
9966432,Too Big to Fail: The Inside Story of How Wall Street and Washington Fought to Save the Financial System from Crisis — and Themselves,Andrew Ross Sorkin,"Sorkin, Andrew Ross",,"=""1101443243""","=""9781101443248""",4,4.16,Penguin Books,Kindle Edition,617,2010,2009,2017/12/05,2017/11/30,,,read,,,,1,0
33393726,"The Forsaken Throne (Kingfountain, #6)",Jeff Wheeler,"Wheeler, Jeff",,"=""1477830448""","=""9781477830444""",0,4.46,47North,Kindle Edition,332,2017,2017,,2017/12/04,to-read,to-read (#689),to-read,,,,0,0
30364647,The Undoing Project: A Friendship That Changed Our Minds,Michael   Lewis,"Lewis, Michael",,"=""0393254607""","=""9780393254600""",4,3.99,W. W. Norton & Company,Kindle Edition,369,2016,2016,2017/11/30,2017/05/11,,,read,,,,1,0
31706524,How Dare the Sun Rise: Memoirs of a War Child,Sandra Uwiringiyimana,"Uwiringiyimana, Sandra",Abigail Pesta,"=""0062470167""","=""9780062470164""",0,4.24,Katherine Tegen Books,ebook,304,2017,2017,,2017/11/27,to-read,to-read (#688),to-read,,,,0,0
36145890,"Legend (Legend, #1)",Marie Lu,"Lu, Marie",,"=""""","=""""",0,4.15,Speak,Kindle Edition,318,2011,2011,,2017/11/14,to-read,to-read (#687),to-read,,,,0,0
13278458,"Why Nations Fail: The Origins of Power, Prosperity, and Poverty",Daron Acemoğlu,"Acemoğlu, Daron",James A. Robinson,"=""""","=""""",0,4.09,Currency,ebook,544,2012,2012,,2017/09/28,to-read,to-read (#686),to-read,,,,0,0
35963697,The Rage of Dragons (The Burning #1),Evan Winter,"Winter, Evan",,"=""0993814301""","=""9780993814303""",0,4.31,Beautiful Beast,Kindle Edition,450,2017,2017,,2017/10/06,currently-reading,currently-reading (#4),currently-reading,,,,1,0
33016417,The Wanderers,Meg Howrey,"Howrey, Meg",,"=""""","=""""",0,3.54,G.P. Putnam's Sons,ebook,384,2017,2017,,2017/10/05,to-read,to-read (#685),to-read,,,,0,0
22063607,"The Innovators: How a Group of Hackers, Geniuses, and Geeks Created the Digital Revolution",Walter Isaacson,"Isaacson, Walter",,"=""""","=""""",0,4.12,Simon & Schuster,Kindle Edition,560,2014,2011,,2014/12/02,to-read,to-read (#684),to-read,,,,0,0
143462,The 17 Indisputable Laws Of Teamwork Workbook,John C. Maxwell,"Maxwell, John C.",,"=""0785265767""","=""9780785265764""",0,3.93,John Maxwell,Paperback,240,2003,,,2012/03/19,to-read,to-read (#168),to-read,,,,0,0
28509312,Weapons of Math Destruction: How Big Data Increases Inequality and Threatens Democracy,Cathy O'Neil,"O'Neil, Cathy",,"=""0553418823""","=""9780553418828""",4,3.87,Crown,Kindle Edition,254,2016,2016,2017/10/06,2017/10/03,,,read,,,,1,0
13068732,The Tanning of America: How Hip-Hop Created a Culture That Rewrote the Rules of the New Economy,Steve Stoute,"Stoute, Steve",,"=""1101529113""","=""9781101529119""",0,3.87,Gotham Books,Kindle Edition,322,2011,2011,,2017/07/28,to-read,to-read (#683),to-read,,,,0,0
5563293,Timeline,Michael Crichton,"Crichton, Michael",,"=""""","=""""",4,3.87,,Kindle Edition,512,2010,1999,2017/10/04,2017/09/21,,,read,,,,1,0
28428628,Underground Airlines,Ben H. Winters,"Winters, Ben H.",,"=""""","=""""",0,3.82,Mulholland Books,ebook,336,2016,2016,,2016/11/15,to-read,to-read (#682),to-read,,,,0,0
22706899,"Red Queen (Red Queen, #1)",Victoria Aveyard,"Aveyard, Victoria",,"=""""","=""""",5,3.98,HarperTeen,Kindle Edition,401,2015,2015,2017/09/28,2016/03/09,,,read,,,,1,0
12030438,"The Startup of You: Adapt to the Future, Invest in Yourself, and Transform Your Career",Reid Hoffman,"Hoffman, Reid",Ben Casnocha,"=""0307888924""","=""9780307888921""",4,3.82,Crown Business,Kindle Edition,252,2012,2012,2017/09/15,2017/09/15,,,read,,,,1,0
19621512,"David and Goliath: Underdogs, Misfits, and the Art of Battling Giants",Malcolm Gladwell,"Gladwell, Malcolm",,"=""""","=""""",5,3.97,"Little, Brown and Company",Kindle Edition,322,2013,2013,2017/08/09,2014/12/02,,,read,,,,1,0
11104967,Onward: How Starbucks Fought for Its Life without Losing Its Soul,Howard Schultz,"Schultz, Howard",Joanne Gordon,"=""1609613465""","=""9781609613464""",4,3.86,Rodale Books,Kindle Edition,392,2012,2007,2017/08/07,2015/03/15,"books-i-own, biographies","books-i-own (#152), biographies (#9)",read,,,,1,0
18892366,The Advantage: Why Organizational Health Trumps Everything Else In Business,Patrick Lencioni,"Lencioni, Patrick",,"=""""","=""""",0,4.14,Jossey-Bass,Kindle Edition,224,2012,2012,,2013/07/26,to-read,to-read (#681),to-read,,,,0,0
12747954,One Click: Jeff Bezos and the Rise of Amazon.com,Richard L. Brandt,"Brandt, Richard L.",,"=""1101516232""","=""9781101516232""",4,3.74,Portfolio,Kindle Edition,228,2011,2011,2017/07/25,2017/07/24,"biographies, business","biographies (#10), business (#5)",read,,,,1,0
18662292,Children's Bible Comic Book Kings and prophets,Toni Matas,"Matas, Toni",Picanyol,"=""""","=""""",0,3.96,BCNmultimedia,Kindle Edition,161,2010,2010,,2017/07/09,to-read,to-read (#680),to-read,,,,0,0
27310545,"The 90 Minute Book Outline: How to Outline Your Nonfiction Book in One Seating... And Cut Your Writing Time in Half (Write, Publish & Sell 3)",R.T. Tolentino,"Tolentino, R.T.",,"=""""","=""""",0,3.94,,Kindle Edition,96,2015,,,2015/12/28,"books-i-own, to-read","books-i-own (#223), to-read (#679)",to-read,,,,0,1
15803417,"The Wonderful Wizard of Oz (Oz, #1)",L. Frank Baum,"Baum, L. Frank",,"=""""","=""""",0,4.00,Public Domain Books,Kindle Edition,137,2012,1900,,2016/04/09,to-read,to-read (#678),to-read,,,,0,0
25816851,"#AskGaryVee: One Entrepreneur's Take on Leadership, Social Media, and Self-Awareness",Gary Vaynerchuk,"Vaynerchuk, Gary",,"=""0062273124""","=""9780062273123""",0,4.01,Harper Business,Hardcover,384,2016,2016,,2017/07/03,to-read,to-read (#677),to-read,,,,0,0
23361842,Canon EOS Rebel T5/1200D For Dummies (For Dummies Series),Julie Adair King,"King, Julie Adair",Robert Correll,"=""""","=""""",0,4.18,For Dummies,Kindle Edition,259,2014,2014,,2015/04/15,to-read,to-read (#676),to-read,,,,0,0
20749441,"Benjamin Graham, The Father of Financial Analysis",Irving Kahn,"Kahn, Irving",Robert D. Milne,"=""1934667404""","=""9781934667408""",0,3.98,Research Foundation of CFA Institute,Kindle Edition,79,1977,1977,,2015/12/28,"to-read, books-i-own","to-read (#421), books-i-own (#253)",to-read,,,,0,1
17616158,"Jab, Jab, Jab, Right Hook: How to Tell Your Story in a Noisy World",Gary Vaynerchuk,"Vaynerchuk, Gary",,"=""""","=""""",0,3.95,HarperBusiness,Kindle Edition,229,2013,2013,,2017/05/16,currently-reading,currently-reading (#3),currently-reading,,,,1,0
18483923,"New Avengers, Vol. 2: Infinity",Jonathan Hickman,"Hickman, Jonathan","Mike Deodato, Frank    Martin","=""0785168370""","=""9780785168379""",5,3.80,Marvel Comics,Hardcover,144,2014,2013,2017/05/04,2017/05/03,,,read,,,,1,0
17251112,"New Avengers, Vol. 1: Everything Dies",Jonathan Hickman,"Hickman, Jonathan",Steve Epting,"=""0785168362""","=""9780785168362""",5,4.06,Marvel Enterprises,Hardcover,144,2013,2013,2017/05/03,2017/05/03,,,read,,,,1,0
28871911,"Star Wars: Darth Vader, Vol. 1 (Star Wars: Darth Vader, #1-2)",Kieron Gillen,"Gillen, Kieron",Salvador Larroca,"=""1302901958""","=""9781302901950""",5,4.23,Marvel Enterprises,Hardcover,296,2016,2016,2017/05/02,2017/05/01,,,read,,,,1,0
28814935,Superman: The Final Days of Superman,Peter J. Tomasi,"Tomasi, Peter J.","Mikel Janín, Doug Mahnke, Paul Pelletier, Dale Eaglesham, Scot Eaton, Ed Benes, Jorge Jiménez","=""140126722X""","=""9781401267223""",5,3.61,DC Comics,Hardcover,200,2016,2016,2017/04/29,2017/04/28,,,read,,,,1,0
1870244,Think Big and Kick Ass in Business and Life,Donald J. Trump,"Trump, Donald J.",Bill Zanker,"=""0061547832""","=""9780061547836""",1,3.86,Harper Business,Hardcover,384,2007,2007,2010/01/01,2011/08/01,books-i-own,books-i-own (#8),read,,,,1,1
866426,Iacocca * An Autobiography,Lee Iacocca,"Iacocca, Lee",,"=""0553050672""","=""9780553050677""",5,3.99,Bantam Books,Hardcover,352,1984,1984,2010/01/01,2011/08/01,biographies,biographies (#6),read,,,,1,0
10310490,Coach Wooden: The 7 Principles That Shaped His Life and Will Change Yours,Pat Williams,"Williams, Pat",Jim Denney,"=""0800719972""","=""9780800719975""",5,4.31,Revell,Hardcover,192,2011,2011,2011/09/07,2011/08/01,biographies,biographies (#4),read,Loved this book! I had no idea the John Wooden was a man of such principles and values...a great man indeed.,,,1,0
18849567,Let Me Off at the Top!: My Classy Life and Other Musings,Ron Burgundy,"Burgundy, Ron",,"=""080413958X""","=""9780804139588""",5,3.32,Crown Archetype,Kindle Edition,226,2013,2010,2016/10/15,2016/10/02,biographies,biographies (#2),read,,,,1,0
23273120,"Men Are from Mars, Women Are from Venus: The Classic Guide to Understanding the Opposite Sex",John  Gray,"Gray, John",,"=""0061793361""","=""9780061793363""",5,3.58,Harper,Kindle Edition,320,2009,2008,2017/01/13,2015/04/28,books-i-own,books-i-own (#157),read,,,,1,1
28237814,"The Papers and Writings of Abraham Lincoln: Volume 4, The Lincoln-Douglas Debates II",Abraham Lincoln,"Lincoln, Abraham",,"=""""","=""""",0,3.00,Firework Press,Kindle Edition,98,2015,,,2016/04/09,to-read,to-read (#541),to-read,,,,0,0
29937396,Black Rain,Matthew B.J. Delaney,"Delaney, Matthew B.J.",,"=""1503992012""","=""9781503992016""",4,3.45,47North,Kindle Edition,383,2016,2016,2016/12/24,2016/08/03,"books-i-own, my-kindle-firsts","books-i-own (#292), my-kindle-firsts (#7)",read,,,,1,1
9260507,5 Very Good Reasons to Punch a Dolphin in the Mouth and Other Useful Guides,Matthew Inman,"Inman, Matthew",,"=""1449401163""","=""9781449401160""",0,4.04,FisicalBook,Paperback,160,2011,2010,,2016/12/19,to-read,to-read (#674),to-read,,,,0,0
8044557,All My Friends Are Dead,Avery Monsen,"Monsen, Avery",Jory John,"=""0811874559""","=""9780811874557""",0,4.14,Chronicle Books,Hardcover,96,2010,2010,,2016/12/19,to-read,to-read (#673),to-read,,,,0,0
19076187,Rich Kid Smart Kid: Giving Your Child a Financial Head Start,Robert T. Kiyosaki,"Kiyosaki, Robert T.",,"=""1612680623""","=""9781612680620""",0,3.93,Plata Publishing,Kindle Edition,272,2015,,,2016/05/13,to-read,to-read (#645),to-read,,,,0,0
29790407,Wonder Woman Box Set (Wonder Woman: 75th Anniversary #1-4),George Pérez,"Pérez, George","Greg Rucka, Gail Simone, Brian Azzarello","=""1401265367""","=""9781401265366""",0,4.49,DC Comics,Paperback,300,2016,,,2016/11/15,to-read,to-read (#672),to-read,,,,0,0
11058645,"The Greatest Salesman in the World, Part II: The End of the Story",Og Mandino,"Mandino, Og",,"=""""","=""""",0,4.32,,Kindle Edition,146,,1968,,2011/09/30,to-read,to-read (#671),to-read,,,,0,0
21256654,The Complete Guide To Investing In Gold And Silver: Surviving The Great Economic Depression,Omar Johnson,"Johnson, Omar",,"=""""","=""""",0,3.50,Make Profits Easy LLC,Kindle Edition,117,2012,2012,,2015/07/25,to-read,to-read (#670),to-read,,,,0,0
18940733,Wild Apples,Henry David Thoreau,"Thoreau, Henry David",,"=""""","=""""",0,3.72,,Kindle Edition,27,2012,1862,,2016/07/09,to-read,to-read (#669),to-read,,,,0,0
18632176,The 101 Most Powerful Success Quotes for High Achievers,Demond Jackson,"Jackson, Demond",,"=""""","=""""",0,3.80,,Kindle Edition,108,2013,2013,,2015/12/13,to-read,to-read (#668),to-read,,,,0,0
18883386,Mark Cuban: The Maverick Billionaire,Sean Huff,"Huff, Sean",,"=""""","=""""",0,3.42,Keen Publishing,Kindle Edition,134,2013,2013,,2016/11/09,to-read,to-read (#667),to-read,,,,0,0
29812803,Black Panther (2016-2018) #1,Ta-Nehisi Coates,"Coates, Ta-Nehisi",Brian Stelfreeze,"=""""","=""""",0,3.88,Marvel Comics,Kindle Edition,31,2016,2016,,2016/11/15,to-read,to-read (#666),to-read,,,,0,0
31176886,The Chemist,Stephenie Meyer,"Meyer, Stephenie",,"=""""","=""""",0,3.76,"Little, Brown and Company",ebook,512,2016,2016,,2016/11/10,to-read,to-read (#665),to-read,,,,0,0
9577857,1984,George Orwell,"Orwell, George",,"=""""","=""""",0,4.20,Houghton Mifflin Harcourt,Kindle Edition,258,2013,1949,,2016/08/28,to-read,to-read (#664),to-read,,,,0,0
8114303,The Immortal Life of Henrietta Lacks,Rebecca Skloot,"Skloot, Rebecca",,"=""""","=""""",0,4.13,Crown,Kindle Edition,310,2010,2010,,2016/09/19,to-read,to-read (#663),to-read,,,,0,0
6259977,Blink: The Power of Thinking Without Thinking,Malcolm Gladwell,"Gladwell, Malcolm",,"=""""","=""""",5,3.96,Back Bay Books,Kindle Edition,482,2007,2005,2016/10/27,2011/08/01,books-i-own,books-i-own (#170),read,,,,1,1
11533726,Go the Fuck to Sleep,Adam Mansbach,"Mansbach, Adam",Ricardo Cortés,"=""1453224963""","=""9781453224960""",4,4.28,Akashic Books,Kindle Edition,33,2011,2011,2016/10/16,2016/10/16,,,read,,,,1,0
6621611,The Intelligent Investor,Benjamin Graham,"Graham, Benjamin","Jason Zweig, Warren Buffett","=""""","=""""",5,4.24,HarperCollins e-books,Kindle Edition,640,,1949,2016/10/12,2011/11/18,,,read,,,,1,1
203899,Letter from the Birmingham Jail,Martin Luther King Jr.,"Jr., Martin Luther King",,"=""0062509551""","=""9780062509550""",5,4.72,Harpercollins,Hardcover,48,1994,1963,2016/10/01,2016/02/20,,,read,,,,1,1
24406698,Dark Disciple: Star Wars,Christie Golden,"Golden, Christie",Katie Lucas,"=""""","=""""",5,4.09,Random House Worlds,ebook,367,2015,2015,2016/10/01,2016/09/20,,,read,,,,1,0
20262705,A New Dawn (Star Wars),John Jackson Miller,"Miller, John Jackson",Dave Filoni,"=""0553392867""","=""9780553392869""",0,3.82,Del Rey,Hardcover,367,2014,2014,,2016/10/01,to-read,to-read (#662),to-read,,,,0,0
22012250,Tarkin (Star Wars),James Luceno,"Luceno, James",,"=""0553392891""","=""9780553392890""",0,3.76,Del Rey,ebook,288,2014,2014,,2016/10/01,to-read,to-read (#661),to-read,,,,0,0
22012290,Lords of the Sith (Star Wars),Paul S. Kemp,"Kemp, Paul S.",,"=""""","=""""",0,3.78,Del Rey,Hardcover,285,2015,2015,,2016/10/01,to-read,to-read (#660),to-read,,,,0,0
29749107,Ahsoka (Star Wars),E.K. Johnston,"Johnston, E.K.",,"=""""","=""""",0,4.07,Disney Lucasfilm Press,Kindle Edition,400,2016,2016,,2016/10/01,to-read,to-read (#659),to-read,,,,0,0
30282416,"Remember, You're A Genius Again",Greg E. Hill,"Hill, Greg E.",,"=""""","=""""",5,5.00,Culture Change United,Kindle Edition,162,2016,,2016/09/19,2016/08/22,books-i-own,books-i-own (#293),read,,,,1,1
29386955,"The King's Traitor (Kingfountain, #3)",Jeff Wheeler,"Wheeler, Jeff",,"=""1503992721""","=""9781503992726""",5,4.43,47North,Kindle Edition,386,2016,2016,2016/09/17,2016/03/27,,,read,,,,1,0
8140252,Switch: How to Change Things When Change Is Hard,Chip Heath,"Heath, Chip",Dan Heath,"=""030759016X""","=""9780307590169""",0,4.03,Crown Business,Kindle Edition,322,2010,2010,,2016/03/09,to-read,to-read (#658),to-read,,,,0,0
18112981,"Jurassic Park (Jurassic Park, #1)",Michael Crichton,"Crichton, Michael",,"=""""","=""""",5,4.13,Ballantine Books,ebook,466,2012,1990,2016/09/12,2016/09/06,,,read,<strong>,,,1,0
17792179,Civil Disobedience,Henry David Thoreau,"Thoreau, Henry David",,"=""""","=""""",3,3.93,Amazon Digital Services,Kindle Edition,27,2012,1849,2016/09/02,2016/07/20,,,read,,,,1,1
18077903,"Creativity, Inc.: Overcoming the Unseen Forces That Stand in the Way of True Inspiration",Ed Catmull,"Catmull, Ed",Amy    Wallace,"=""0812993012""","=""9780812993011""",0,4.21,Random House,Hardcover,368,2014,2014,,2016/08/28,to-read,to-read (#657),to-read,,,,0,0
5455280,Harriet Tubman - The Moses of Her People [Illustrated],Sarah Hopkins Bradford,"Bradford, Sarah Hopkins",Oliver Johnson,"=""""","=""""",0,4.13,MacMay,Kindle Edition,156,2008,2006,,2011/12/19,"books-i-own, to-read","books-i-own (#90), to-read (#656)",to-read,,,,0,1
20515952,Twelve Years a Slave,Solomon Northup,"Northup, Solomon",,"=""1480476900""","=""9781480476905""",0,4.23,Open Road Media,Kindle Edition,200,2014,1853,,2016/07/25,to-read,to-read (#655),to-read,,,,0,0
22754100,The Girl on the Train,Paula Hawkins,"Hawkins, Paula",,"=""""","=""""",0,3.96,Riverhead,Kindle Edition,326,2015,2015,,2016/07/28,to-read,to-read (#654),to-read,,,,0,0
8135219,The New New Thing: A Silicon Valley Story,Michael   Lewis,"Lewis, Michael",,"=""""","=""""",0,3.76,,Kindle Edition,273,,1999,,2016/07/06,to-read,to-read (#653),to-read,,,,0,0
18922398,Art of War,Sun Tzu,"Tzu, Sun",,"=""1625394624""","=""9781625394620""",3,3.95,KMW Publishing,Kindle Edition,74,2013,-500,2016/08/28,2015/12/30,books-i-own,books-i-own (#267),read,,,,1,1
108428,Are Prisons Obsolete?,Angela Y. Davis,"Davis, Angela Y.",,"=""1583225811""","=""9781583225813""",0,4.51,Seven Stories Press,Paperback,128,2003,2003,,2016/08/03,to-read,to-read (#652),to-read,,,,0,0
7876742,Succeeding Against the Odds,John H. Johnson,"Johnson, John H.",Lerone Bennett Jr.,"=""1558001654""","=""9781558001657""",0,4.38,Dove Entertainment Inc,Audio Cassette,0,1989,,,2016/08/02,to-read,to-read (#651),to-read,,,,0,0
21998,"The Richest Man Who Ever Lived: King Solomon's Secrets to Success, Wealth, and Happiness",Steven K. Scott,"Scott, Steven K.",,"=""0385516665""","=""9780385516662""",0,4.27,Crown Currency,Hardcover,256,2006,2006,,2016/07/28,to-read,to-read (#650),to-read,,,,0,0
29213435,"The Thief's Daughter (Kingfountain, #2)",Jeff Wheeler,"Wheeler, Jeff",,"=""1503935000""","=""9781503935006""",5,4.34,47North,Paperback,366,2016,2016,2016/07/04,2016/03/08,,,read,,,,1,0
11220386,Crush It!,Seth Godin,"Godin, Seth",,"=""1936321246""","=""9781936321247""",5,3.87,Vook,Kindle Edition,234,2010,2001,2016/07/02,2016/06/21,,,read,,,,1,1
27267703,"Golden Age (The Shifting Tides, #1)",James   Maxwell,"Maxwell, James",,"=""150393408X""","=""9781503934085""",0,4.04,47North,Kindle Edition,466,2016,2016,,2016/04/05,"my-kindle-firsts, to-read","my-kindle-firsts (#5), to-read (#649)",to-read,,,,0,0
20182134,Shred: The Revolutionary Diet: 6 Weeks 4 Inches 2 Sizes,Ian K. Smith,"Smith, Ian K.",,"=""""","=""""",0,3.56,St. Martin's Press,Kindle Edition,290,2012,2012,,2016/01/19,to-read,to-read (#648),to-read,,,,0,0
18623304,The Autobiography of Benjamin Franklin,Benjamin Franklin,"Franklin, Benjamin",Charles William Eliot,"=""""","=""""",0,3.85,,Kindle Edition,129,2012,1791,,2016/04/09,to-read,to-read (#647),to-read,,,,0,0
8213519,The Big Short: Inside the Doomsday Machine,Michael   Lewis,"Lewis, Michael",,"=""0393078191""","=""9780393078190""",5,4.30,W. W. Norton & Company,Kindle Edition,287,2010,2010,2016/05/22,2011/08/01,,,read,,,,1,0
15769088,Pride and Prejudice,Jane Austen,"Austen, Jane",,"=""""","=""""",0,4.29,Amazon Digital Services,ebook,446,2012,1813,,2016/05/16,to-read,to-read (#646),to-read,,,,0,0
405647,Whale Done!: The Power of Positive Relationships,Kenneth H. Blanchard,"Blanchard, Kenneth H.","Thad Lacinak, Chuck Tompkins","=""074323538X""","=""9780743235389""",0,3.96,Free Press,Hardcover,128,2002,2000,,2016/05/13,to-read,to-read (#644),to-read,,,,0,0
29740894,Enemy (On the Bones of Gods #1),K. Eason,"Eason, K.",,"=""1503934497""","=""9781503934498""",0,3.70,47North,Paperback,347,2016,2016,,2016/05/13,"to-read, my-kindle-firsts","to-read (#643), my-kindle-firsts (#6)",to-read,,,,0,0
10886868,Team Secrets Of The Navy Seals,Anonymous,"Anonymous, Anonymous",,"=""""","=""""",0,3.70,,Kindle Edition,131,,,,2011/11/16,"to-read, books-i-own","to-read (#96), books-i-own (#65)",to-read,,,,0,1
18858246,Richard Templar's Rules: The Complete Compilation (Collection),Richard Templar,"Templar, Richard",,"=""""","=""9780133038903""",0,4.00,FT Press,Kindle Edition,1384,2012,2012,,2016/05/03,to-read,to-read (#642),to-read,,,,0,0
97030,Six Thinking Hats,Edward de Bono,"Bono, Edward de",,"=""0140296662""","=""9780140296662""",0,3.71,Penguin Canada,Paperback,177,2000,,,2015/11/04,"books-i-own, currently-reading","books-i-own (#291), currently-reading (#2)",currently-reading,,,,1,0
16100590,"The Barefoot Spirit: How Hardship, Hustle, and Heart Built America's #1 Wine Brand",Michael  Houlihan,"Houlihan, Michael",Bonnie  Harvey,"=""0988224542""","=""9780988224544""",0,3.89,Evolve Publishing,Paperback,275,2013,2013,,2016/04/20,to-read,to-read (#641),to-read,,,,0,0
18600590,"Steel World (Undying Mercenaries, #1)",B.V. Larson,"Larson, B.V.",,"=""""","=""""",0,4.02,Iron Tower Press,Kindle Edition,338,2013,2013,,2016/03/29,to-read,to-read (#640),to-read,,,,0,0
19492890,Business Innovation : A Little Book of Big Ideas (1st Edition),Nick Whiteley,"Whiteley, Nick",,"=""""","=""""",0,4.50,,Kindle Edition,87,2012,2012,,2016/04/09,to-read,to-read (#639),to-read,,,,0,0
18364534,Liz Weston on Personal Finance (Collection),Liz Pulliam Weston,"Weston, Liz Pulliam",,"=""""","=""""",0,3.38,FT Press,Kindle Edition,1144,2013,2012,,2016/04/09,to-read,to-read (#638),to-read,,,,0,0
20823850,The Economics of Leadership,Austin Nweze,"Nweze, Austin",Vista Advertising Ltd,"=""""","=""""",0,4.00,Vista Press and Distribution Logistics Limited,Kindle Edition,236,2012,2012,,2016/04/09,to-read,to-read (#637),to-read,,,,0,0
18627270,"The Best of Bill Gates: The Microsoft Billionaire’s Lessons for Life Changing Success (Bill Gates, Microsoft, Steve Jobs, Paul Allen, Billionaire, business, ... wealthiest person, Melinda Gates Book 1)",Timothy Bauer,"Bauer, Timothy",,"=""""","=""""",0,3.36,,Kindle Edition,21,2013,2013,,2016/04/09,to-read,to-read (#636),to-read,,,,0,0
18629439,"Change Your Mindset, Think Like the Rich",Amit Eshet,"Eshet, Amit",,"=""""","=""""",0,3.60,Amazon Digital Services,Kindle Edition,51,2013,2013,,2016/04/09,to-read,to-read (#635),to-read,,,,0,0
24853296,Being a Great Real Estate Investor - Part 2 (555 Results Series Book 17),Mark Walters,"Walters, Mark",,"=""""","=""""",0,0.0,"CreatingWealthClub.com, LLC",Kindle Edition,55,2013,2013,,2016/04/09,to-read,to-read (#634),to-read,,,,0,0
19054245,"Quick Content Formula: Get Unlimited Ideas & In 5 Minutes You Can Create Great Blog Posts, Articles, & Newsletter Emails",Richard N. Stephenson,"Stephenson, Richard N.",,"=""""","=""""",0,3.00,RichardStep.com Publishing,Kindle Edition,107,2014,2013,,2016/04/09,to-read,to-read (#633),to-read,,,,0,0
17457131,Kindle Marketing Ninja Guide - Killer Marketing Strategies for Kindle Book Marketing Success,R.L. Adams,"Adams, R.L.",,"=""""","=""""",0,3.54,,Kindle Edition,100,2013,2013,,2016/04/09,to-read,to-read (#632),to-read,,,,0,0
18884751,How To Use Google+ For Business - The Ultimate Guide for Aspiring Marketers Business Owners & Entrepreneurs - Limited Edition,Jason Holder,"Holder, Jason",,"=""""","=""""",0,3.67,,Kindle Edition,36,2013,2013,,2016/04/09,to-read,to-read (#631),to-read,,,,0,0
18903654,Simple Start-Ups: Home Based Business Ideas for Earning Extra Income,Patti Gilbert,"Gilbert, Patti",,"=""""","=""""",0,2.80,,Kindle Edition,39,2012,2012,,2016/04/09,to-read,to-read (#630),to-read,,,,0,0
19403154,"How To Use Instagram For Business - A Practical Guide For Marketers, Business Owners and Entrepreneurs",Jason Holder,"Holder, Jason",,"=""""","=""""",0,4.00,,Kindle Edition,30,2013,2013,,2016/04/09,to-read,to-read (#629),to-read,,,,0,0
19030798,Momentum,Monica Marie Jones,"Jones, Monica Marie",,"=""""","=""9780983550952""",0,0.0,The Literary Loft,Kindle Edition,70,2013,2013,,2016/04/09,to-read,to-read (#628),to-read,,,,0,0
23931165,Selling Yourself and Your Product: A Guide for Writers,Gloria Oren,"Oren, Gloria",,"=""""","=""""",0,0.0,Gloria Oren,Kindle Edition,31,2013,2013,,2016/04/09,to-read,to-read (#627),to-read,,,,0,0
19203787,Capital As Money,Brian McGrath,"McGrath, Brian",Dwayne Barney,"=""""","=""""",0,2.00,,Kindle Edition,299,2012,2012,,2016/04/09,to-read,to-read (#626),to-read,,,,0,0
18924137,The Big 5 Time Management System,Chris Ervin,"Ervin, Chris",,"=""""","=""""",0,4.00,,Kindle Edition,92,2013,2013,,2016/04/09,to-read,to-read (#624),to-read,,,,0,0
19031113,Standing Out with SEO: Expert Advice from Melanie Mitchell (Collection) (2nd Edition) (FT Press Delivers Marketing Shorts),Melanie  Mitchell,"Mitchell, Melanie",,"=""""","=""""",0,4.00,FT Press,Kindle Edition,122,2013,2012,,2016/04/09,to-read,to-read (#623),to-read,,,,0,0
21134975,How to Start Using Twitter as an Effective Marketing Tool for Your Business (Business Basics for Beginners Book 7),Joan Mullally,"Mullally, Joan",Evelyn Trimborn,"=""""","=""""",0,5.00,"Eternal Spiral Books, http://EternalSpiralBooks.com",Kindle Edition,77,2012,2012,,2016/04/09,to-read,to-read (#622),to-read,,,,0,0
18878529,America's Army #1: Knowledge is Power,M. Zachary Sherman,"Sherman, M. Zachary",,"=""""","=""""",0,3.50,IDW,Kindle Edition,26,2013,2013,,2016/04/09,to-read,to-read (#621),to-read,,,,0,0
17227745,Identity (Eyes Wide Open #1),Ted Dekker,"Dekker, Ted",,"=""""","=""""",0,3.80,Outlaw Studios,Kindle Edition,66,2012,2012,,2016/04/09,to-read,to-read (#620),to-read,,,,0,0
8200488,A Journey to the Centre of the Earth,Jules Verne,"Verne, Jules",,"=""""","=""""",0,3.85,Public Domain Books,Kindle Edition,308,2009,1864,,2016/04/09,to-read,to-read (#619),to-read,,,,0,0
18807739,Eight Hundred Leagues on the Amazon,Jules Verne,"Verne, Jules",,"=""""","=""""",0,3.71,,Kindle Edition,629,2012,1881,,2016/04/09,to-read,to-read (#617),to-read,,,,0,0
18881448,The Master of the World,Jules Verne,"Verne, Jules",,"=""""","=""""",0,3.47,,Kindle Edition,208,2012,1904,,2016/04/09,to-read,to-read (#616),to-read,,,,0,0
5497789,The War of the Worlds,H.G. Wells,"Wells, H.G.",,"=""""","=""""",0,3.83,,Kindle Edition,144,2012,1898,,2016/04/09,to-read,to-read (#615),to-read,,,,0,0
11357113,Five Weeks in a Balloon,Jules Verne,"Verne, Jules",,"=""""","=""""",0,3.75,,Kindle Edition,339,,1863,,2016/04/09,to-read,to-read (#614),to-read,,,,0,0
18881496,"The Underground City, or, the Child of the Cavern",Jules Verne,"Verne, Jules",,"=""""","=""""",0,3.57,,Kindle Edition,87,2012,1877,,2016/04/09,to-read,to-read (#613),to-read,,,,0,0
19039623,Robur the Conqueror,Jules Verne,"Verne, Jules",,"=""""","=""""",0,3.47,,Kindle Edition,225,2012,1886,,2016/04/09,to-read,to-read (#612),to-read,,,,0,0
18615474,Heart of Darkness,Joseph Conrad,"Conrad, Joseph",,"=""""","=""""",0,3.43,,Kindle Edition,107,2012,1899,,2016/04/09,to-read,to-read (#610),to-read,,,,0,0
18913642,Building Sustainability Into Your Organization (Collection),Peter A. Soyka,"Soyka, Peter A.",,"=""0133115208""","=""9780133115208""",0,4.00,FT Press,Kindle Edition,1289,2012,2012,,2016/04/09,to-read,to-read (#609),to-read,,,,0,0
13542055,Born to Win: Find Your Success Code,Zig Ziglar,"Ziglar, Zig",,"=""""","=""""",0,4.16,AudioInk,Kindle Edition,205,2012,2012,,2016/04/09,to-read,to-read (#608),to-read,,,,0,0
19510787,Brands Don't Grow on Trees - The Reverse Engineering of Successful Brands,Ilse Strauss,"Strauss, Ilse",,"=""""","=""""",0,3.00,Ilse J Strauss,Kindle Edition,185,2013,2013,,2016/04/09,to-read,to-read (#607),to-read,,,,0,0
19033431,Crushing It With Craigslist: Real Estate Lead Generation on Autopilot,Jeff Coga,"Coga, Jeff",,"=""""","=""""",0,2.80,Real Estate Strategy Lab,Kindle Edition,53,2013,2013,,2016/04/09,to-read,to-read (#606),to-read,,,,0,0
19374667,5 Minute Business - Growth Hacking Secrets Revealed,Mark Middo,"Middo, Mark",,"=""""","=""""",0,4.04,Longueville Media,Kindle Edition,158,2013,2013,,2016/04/09,to-read,to-read (#605),to-read,,,,0,0
19305639,"JIM ROHN, Ultimate Success Plan & Goal Setting, Best Teaching's on Ambition, Success & Wisdom (Jim Rohn Kindle Books, Brian Tracy, Anthony Robbins, Oprah Winfrey, Jack Canfield)",Kathryn Sandberg,"Sandberg, Kathryn",,"=""""","=""""",0,4.00,Destiny Success Books Publishers,Kindle Edition,36,2013,2013,,2016/04/09,to-read,to-read (#604),to-read,,,,0,0
19446468,How to Make Money Online by Rating Websites as a Google Rater,Mark Westly,"Westly, Mark",,"=""""","=""""",0,4.00,,Kindle Edition,31,2014,2013,,2016/04/09,to-read,to-read (#603),to-read,,,,0,0
17825525,LinkedIn Secrets Revealed: 10 Secrets To Unlocking Your Complete Profile on LinkedIn.com,Patrick X. Gallagher,"Gallagher, Patrick X.",,"=""""","=""""",0,4.00,Patrick J. Gallagher,Kindle Edition,76,2012,2012,,2016/04/09,to-read,to-read (#602),to-read,,,,0,0
19240577,How to Make a Great Living Teaching Online,John  Purcell,"Purcell, John",,"=""""","=""""",0,3.76,,Kindle Edition,152,2013,2013,,2016/04/09,to-read,to-read (#601),to-read,,,,0,0
19491013,"Pinterest: Why You Need it to Explode your Business Today! (Social Media Marketing, Pinterest)",Online Business Buddy,"Buddy, Online Business",,"=""""","=""""",0,3.33,,Kindle Edition,35,2014,2013,,2016/04/09,to-read,to-read (#600),to-read,,,,0,0
19399309,Blog Marketing - A Proven Blog Marketing Strategy to Boost Your Business Significantly (Blog Business) (Blog for Profit Book 1),Lancaster Collins,"Collins, Lancaster",,"=""""","=""""",0,5.00,Pogo Book Publishing,Kindle Edition,47,2014,2013,,2016/04/09,to-read,to-read (#599),to-read,,,,0,0
19489805,YouTube Video Marketing: 101 Great Tips and Ideas Proven to Kick-Start Your Video Marketing,Meir Liraz,"Liraz, Meir",,"=""""","=""""",0,0.0,Liraz Publishing,Kindle Edition,76,2013,2013,,2016/04/09,to-read,to-read (#598),to-read,,,,0,0
19458490,Book Of Social Media Marketing: You Can Make Money Online,Joshua Massenburg,"Massenburg, Joshua",,"=""""","=""""",0,0.0,Joshua Massenburg,Kindle Edition,49,2013,2013,,2016/04/09,to-read,to-read (#597),to-read,,,,0,0
19108615,The Failed Entrepreneur,Duncan Ridler,"Ridler, Duncan",,"=""""","=""9781908886736""",0,4.00,Dreamcatcher Productions,Kindle Edition,281,2013,2012,,2016/04/09,to-read,to-read (#596),to-read,,,,0,0
19030577,Make Money Online - 55 Ways to Make Extra Money Fast Using Your Computer,Steve  Scott,"Scott, Steve",,"=""""","=""""",0,3.22,,Kindle Edition,48,2014,2012,,2016/04/09,to-read,to-read (#595),to-read,,,,0,0
18914728,Affiliate Marketing: Just the FAQs,Laura  Burke,"Burke, Laura",,"=""""","=""""",0,3.12,Burke Design,Kindle Edition,48,2012,2012,,2016/04/09,to-read,to-read (#594),to-read,,,,0,0
19117219,Robert Collier's Secret of the Ages: A modern-day interpretation of a self-help classic (Infinite Success),Karen McCreadie,"McCreadie, Karen",,"=""""","=""""",0,4.00,Infinite Ideas,Kindle Edition,128,2010,2010,,2016/04/09,to-read,to-read (#593),to-read,,,,0,0
19372239,Make Money Online: How to Make $2000 Each Month Building Niche Website Portfolios (Passive Income Series Book 2),Darren Stock,"Stock, Darren",,"=""""","=""""",0,3.50,,Kindle Edition,57,2014,2013,,2016/04/09,to-read,to-read (#592),to-read,,,,0,0
20443137,"Profit from the eBook Revolution: How YOU Can Sell A Million Books In A Year...Even if You Know Absolutely Nothing About Writing, Publishing or Marketing a Book",Bob Perry,"Perry, Bob",,"=""""","=""""",0,3.33,,Kindle Edition,43,2012,2012,,2016/04/09,to-read,to-read (#591),to-read,,,,0,0
19370771,Effective E-Marketing Strategies,Curtis Carmichael,"Carmichael, Curtis",,"=""""","=""""",0,3.60,"HyperFusion, LLC",Kindle Edition,147,2013,2012,,2016/04/09,to-read,to-read (#590),to-read,,,,0,0
20371215,The Next CEO: A Leadership Parable,Tommy Shavers,"Shavers, Tommy",,"=""0989941701""","=""9780989941709""",0,4.29,Commit 2 Publishing,Kindle Edition,96,2014,2013,,2016/04/09,to-read,to-read (#589),to-read,,,,0,0
20330213,How To Use Facebook and Google+ For Business - A Guide For Aspiring Marketers Business Owners & Entrepreneurs,Matthew Watson,"Watson, Matthew",,"=""""","=""""",0,3.00,,Kindle Edition,77,2013,2013,,2016/04/09,to-read,to-read (#588),to-read,,,,0,0
19031389,How To Get Websites Ranked Higher,M. Schmidt,"Schmidt, M.",,"=""""","=""""",0,4.00,M. Schmidt,Kindle Edition,33,2013,2013,,2016/04/09,to-read,to-read (#587),to-read,,,,0,0
19235593,Outsource This Now: How to Triple Your Profits Through Smart Outsourcing,Ric Thompson,"Thompson, Ric",,"=""""","=""""",0,3.67,Healthy Wealthy nWise Press,Kindle Edition,63,2014,2013,,2016/04/09,to-read,to-read (#586),to-read,,,,0,0
17301828,How to Write Great Blog Posts that Engage Readers,Steve  Scott,"Scott, Steve",,"=""""","=""""",0,3.90,Amazon Media EU S.à r.l.,Kindle Edition,56,2014,2013,,2016/04/09,to-read,to-read (#585),to-read,,,,0,0
18651796,Writing,Boundless,"Boundless, Boundless",,"=""1940464412""","=""""",0,3.72,Boundless,Kindle Edition,0,2013,2013,,2016/04/09,to-read,to-read (#584),to-read,,,,0,0
20553480,Crowdfunding: The Next Big Thing,Gary Spirer,"Spirer, Gary",,"=""""","=""""",0,3.40,,Kindle Edition,373,2014,2014,,2016/04/09,to-read,to-read (#583),to-read,,,,0,0
19256624,Gems from Warren Buffett: Wit and Wisdom from 34 Years of Letters to Shareholders,Mark Gavagan,"Gavagan, Mark",,"=""0980005655""","=""9780980005653""",0,3.78,Cole House LLC,Kindle Edition,62,2012,2012,,2016/04/09,to-read,to-read (#582),to-read,,,,0,0
15711187,Home Business 101...How To Make Money with Your Digital Camera: The Fun and Easy Way To Make Money From Home,Rob Palmer,"Palmer, Rob",,"=""""","=""""",0,3.00,,Kindle Edition,65,2012,2012,,2016/04/09,to-read,to-read (#581),to-read,,,,0,0
17794657,"The Lake (The Lake Trilogy, #1)",AnnaLisa Grant,"Grant, AnnaLisa",,"=""""","=""""",0,3.78,Truman House,Kindle Edition,304,2014,2013,,2016/04/09,to-read,to-read (#580),to-read,,,,0,0
13328442,The Tilian Virus (The Pandemic Sequence #1),Tom Calen,"Calen, Tom",,"=""""","=""""",0,3.81,Permuted Press,Kindle Edition,282,2013,2011,,2016/04/09,to-read,to-read (#579),to-read,,,,0,0
20804253,"Virus The Unknown (Season 1 of Dying Hope, Zombie Apocalypse:)",Larry Finhouse,"Finhouse, Larry",,"=""""","=""""",0,3.63,,Kindle Edition,68,2014,2014,,2016/04/09,to-read,to-read (#578),to-read,,,,0,0
13485992,"Breakers (Breakers, #1)",Edward W. Robertson,"Robertson, Edward W.",,"=""""","=""""",0,3.66,,Kindle Edition,299,2012,2012,,2016/04/09,to-read,to-read (#577),to-read,,,,0,0
10666722,"The White Tree (The Cycle of Arawn, #1)",Edward W. Robertson,"Robertson, Edward W.",,"=""""","=""""",0,3.72,Broke Robot Books,Kindle Edition,428,2011,2011,,2016/04/09,to-read,to-read (#576),to-read,,,,0,0
17255229,"Outcome (Breakers, #0.5)",Edward W. Robertson,"Robertson, Edward W.",,"=""""","=""""",0,3.90,,Kindle Edition,80,2013,,,2016/04/09,to-read,to-read (#575),to-read,,,,0,0
20868471,Protocol Black: Genesis,Alexander Bishop,"Bishop, Alexander",,"=""""","=""""",0,3.60,Alexander Bishop (ABCM Productions),Kindle Edition,267,2014,2014,,2016/04/09,to-read,to-read (#574),to-read,,,,0,0
13481526,"New Shores (Traders' Scourge, #3)",David Buck,"Buck, David",,"=""""","=""""",0,4.08,,Kindle Edition,220,2012,2012,,2016/04/09,to-read,to-read (#573),to-read,,,,0,0
13481518,"Maveen Offer (Traders' Scourge, #2)",David Buck,"Buck, David",,"=""""","=""""",0,3.81,,Kindle Edition,195,2012,2012,,2016/04/09,to-read,to-read (#572),to-read,,,,0,0
19051679,Fleet Action (Admiral's Fury #3),David Buck,"Buck, David",,"=""""","=""""",0,3.88,,Kindle Edition,224,2013,2013,,2016/04/09,to-read,to-read (#571),to-read,,,,0,0
19175449,Hidden Menace (Admiral's Fury #2),David Buck,"Buck, David",,"=""""","=""""",0,3.91,,Kindle Edition,230,2013,2013,,2016/04/09,to-read,to-read (#570),to-read,,,,0,0
18398986,A Legacy of Light (The Dragon War #1),Daniel Arenson,"Arenson, Daniel",,"=""192760107X""","=""9781927601075""",0,3.76,Moonclipse,Kindle Edition,324,2013,2013,,2016/04/09,to-read,to-read (#569),to-read,,,,0,0
13633163,"Arena One: Slaverunners (The Survival Trilogy, #1)",Morgan Rice,"Rice, Morgan",,"=""""","=""""",0,3.37,Morgan Rice,Kindle Edition,226,2012,2012,,2016/04/09,to-read,to-read (#568),to-read,,,,0,0
21243294,3D Printing: Rise of the Third Industrial Revolution (Gyges 3D Presents),Aaron Council,"Council, Aaron","Michael Petch, Edward Long","=""""","=""""",0,3.33,gyges3d.com,Kindle Edition,116,2014,2014,,2016/04/09,to-read,to-read (#567),to-read,,,,0,0
6265683,The Mysterious Island,Jules Verne,"Verne, Jules",,"=""""","=""""",0,4.13,Public Domain Books,Kindle Edition,458,1998,1875,,2016/04/09,to-read,to-read (#566),to-read,,,,0,0
18621827,Wakulla Springs,Andy Duncan,"Duncan, Andy",Ellen Klages,"=""""","=""""",0,3.59,Tor Books,Kindle Edition,151,2013,2013,,2016/04/09,to-read,to-read (#565),to-read,,,,0,0
28440409,MINDSET: How Positive Thinking Will Set You Free & Help You Achieve Massive Success In Life,Benjamin      Smith,"Smith, Benjamin",,"=""""","=""""",0,3.76,Benjamin Smith,Kindle Edition,107,2016,,,2016/04/09,to-read,to-read (#564),to-read,,,,0,0
25589549,"The Secrets of Big Business Innovation: An insider's guide to delivering innovation, change and growth",Daniel Taylor,"Taylor, Daniel",,"=""""","=""""",0,4.00,Harriman House,Kindle Edition,237,2015,2015,,2016/04/09,to-read,to-read (#563),to-read,,,,0,0
17383804,How To Make Money Blogging: How I Replaced My Day-Job With My Blog,Bob Lotich,"Lotich, Bob",,"=""""","=""""",0,3.63,"Amazon Digital Services, Inc.",Kindle Edition,31,2010,2010,,2016/04/09,to-read,to-read (#562),to-read,,,,0,0
25825633,The Little Big Small Business Book,Micah Fraim,"Fraim, Micah",,"=""1310726868""","=""9781310726866""",0,3.65,CPA and Tax Expert for Online Businesses,Kindle Edition,82,2015,2015,,2016/04/09,to-read,to-read (#561),to-read,,,,0,0
25286199,The Wealth of Nations,Adam Smith,"Smith, Adam",Alan B. Krueger,"=""1623958377""","=""9781623958374""",0,3.89,Xist Classics,Kindle Edition,596,2015,1776,,2016/04/09,to-read,to-read (#560),to-read,,,,0,0
28579894,Learn Faster: Advanced Strategies On How To Learn Faster And Better (Accelerated Learning - Brain Training - Memory Improvement - Learning Techniques - Study Skills),Scott Bandler,"Bandler, Scott",,"=""""","=""""",0,3.75,,Kindle Edition,31,2016,,,2016/04/09,to-read,to-read (#559),to-read,,,,0,0
26810665,Instagram Marketing: Grow Real Followers,Jennifer Puno,"Puno, Jennifer",,"=""""","=""""",0,3.75,,Kindle Edition,39,2015,2015,,2016/04/09,to-read,to-read (#558),to-read,,,,0,0
26052808,Success: 30 Interviews with Entrepreneurs & Executives,Jason Navallo,"Navallo, Jason",,"=""""","=""""",0,3.99,Navallo Publishing,Kindle Edition,113,2015,2015,,2016/04/09,to-read,to-read (#557),to-read,,,,0,0
28538908,Money Blog: Learn How To Earn Significant Income Online With a Simple WordPress Blog,Nathaniell Brenes,"Brenes, Nathaniell",,"=""""","=""""",0,4.16,,Kindle Edition,229,2016,,,2016/04/09,to-read,to-read (#556),to-read,,,,0,0
25934294,Investing For Beginners (Introduction to Investing),David Cohne,"Cohne, David",,"=""""","=""""",0,3.82,,Kindle Edition,51,2015,2015,,2016/04/09,to-read,to-read (#555),to-read,,,,0,0
27856800,"OneNote: How To Get Things Done With OneNote - The Ultimate Guide To Improving Productivity And Getting Things Done With OneNote, Plus 8 Tips And Tricks To Get The Most Out Of OneNote!",Alexander Jenkins,"Jenkins, Alexander",,"=""""","=""""",0,2.67,,Kindle Edition,24,2015,,,2016/04/09,to-read,to-read (#554),to-read,,,,0,0
23567030,Reader Magnets: Build Your Author Platform and Sell more Books on Kindle (2022 Edition),Nick Stephenson,"Stephenson, Nick",,"=""""","=""""",0,4.23,"Your First 10,000 Readers",Kindle Edition,51,2014,2014,,2016/04/09,to-read,to-read (#553),to-read,,,,0,0
28532883,Just Like You: 24 Interviews of Ordinary People Who've Achieved Extraordinary Success,Christopher Dessi,"Dessi, Christopher",,"=""""","=""""",0,4.00,Chris Dessi,Kindle Edition,283,2015,,,2016/04/09,to-read,to-read (#552),to-read,,,,0,0
28330681,How To Start Your Business In 10 Easy Steps: Be Your Own Boss And Make Money On Your Own Terms,Donald Allen,"Allen, Donald",,"=""""","=""""",0,3.18,,Kindle Edition,25,2015,,,2016/04/09,to-read,to-read (#551),to-read,,,,0,0
29076173,Think Big: Discover How To Expand Your Thinking In Order To Make Big Things Happen In Your Life (Accomplish Your Dreams & Goals By Thinking Big & Being ... Best Business Health & Success Strategies),Ace McCloud,"McCloud, Ace",,"=""""","=""""",0,5.00,Pro Mastery Publishing,Kindle Edition,48,2016,,,2016/04/09,to-read,to-read (#550),to-read,,,,0,0
28948306,"The Content Creation Strategy Guide: How To Plan, Create and Automate Content for Website and Social Media",Anchen le Roux,"Roux, Anchen le",,"=""""","=""""",0,3.50,Anchen le Roux International,Kindle Edition,53,2016,,,2016/04/09,to-read,to-read (#549),to-read,,,,0,0
27857281,"Instagram: Instagram Blackbook: Everything You Need To Know About Instagram For Business and Personal - Ultimate Instagram Marketing Book (Social Media ... Influencer, Instagram Rapid Growth)",J. Holmes,"Holmes, J.",,"=""""","=""""",0,3.32,,Kindle Edition,121,2015,,,2016/04/09,to-read,to-read (#548),to-read,,,,0,0
26341729,Unscripted Extras,Alan Sugar,"Sugar, Alan",,"=""1509821937""","=""9781509821938""",0,3.38,Macmillan,Kindle Edition,24,2015,2015,,2016/04/09,to-read,to-read (#547),to-read,,,,0,0
19436266,Circuit City Six,Don Eames,"Eames, Don",Vitaly Demin,"=""""","=""""",0,2.88,Eames Management Group,Kindle Edition,23,2009,2009,,2016/04/09,to-read,to-read (#546),to-read,,,,0,0
28289994,10 Habits Of Highly Successful People,Bill Brown,"Brown, Bill",,"=""""","=""""",0,3.48,,Kindle Edition,17,2015,,,2016/04/09,to-read,to-read (#545),to-read,,,,0,0
16051078,Black Beauty,Anna Sewell,"Sewell, Anna",,"=""""","=""""",0,4.00,,Kindle Edition,216,2012,1877,,2016/04/09,to-read,to-read (#544),to-read,,,,0,0
29055373,The Life and Public Service of General Zachary Taylor: An Address,Abraham Lincoln,"Lincoln, Abraham",,"=""""","=""""",0,3.88,Firework Press,Kindle Edition,27,2016,1922,,2016/04/09,to-read,to-read (#542),to-read,,,,0,0
29389433,Abraham Lincoln's Second Inaugural Address,Abraham Lincoln,"Lincoln, Abraham",,"=""""","=""""",0,4.25,Firework Press,Kindle Edition,8,2016,1865,,2016/04/09,to-read,to-read (#539),to-read,,,,0,0
29345880,The Lincoln Year Book: Axioms and Aphorisms from the Great Emancipator,Abraham Lincoln,"Lincoln, Abraham",,"=""""","=""""",0,4.38,Firework Press,Kindle Edition,108,2016,2010,,2016/04/09,to-read,to-read (#533),to-read,,,,0,0
18898513,The Emancipation Proclamation,Abraham Lincoln,"Lincoln, Abraham",,"=""""","=""""",0,4.45,,Kindle Edition,28,2012,1863,,2016/04/09,to-read,to-read (#538),to-read,,,,0,0
18817112,Quotes and Images From The Writings of Abraham Lincoln,Abraham Lincoln,"Lincoln, Abraham",David Widger,"=""""","=""""",0,3.52,,Kindle Edition,28,2011,2009,,2016/04/09,to-read,to-read (#537),to-read,,,,0,0
18722110,Lincoln Letters,Abraham Lincoln,"Lincoln, Abraham",,"=""""","=""""",0,3.83,,Kindle Edition,22,2012,1995,,2016/04/09,to-read,to-read (#535),to-read,,,,0,0
18755924,The Writings of Abraham Lincoln - Volume 1: 1832-1843,Abraham Lincoln,"Lincoln, Abraham",Arthur Brooks Lapsley,"=""""","=""""",0,4.06,,Kindle Edition,166,2012,2004,,2016/04/09,to-read,to-read (#534),to-read,,,,0,0
11353658,Widger's Quotations from the Project Gutenberg Editions of the Works of Abraham Lincoln,Abraham Lincoln,"Lincoln, Abraham",David Widger,"=""""","=""""",0,4.17,,Kindle Edition,20,,,,2016/04/09,to-read,to-read (#532),to-read,,,,0,0
11556964,"The Writings of Abraham Lincoln, Vol. 4",Abraham Lincoln,"Lincoln, Abraham",Arthur Brooks Lapsley,"=""""","=""""",0,3.99,,Kindle Edition,129,,2008,,2016/04/09,to-read,to-read (#531),to-read,,,,0,0
18755925,The Writings of Abraham Lincoln - Volume 7: 1863-1865,Abraham Lincoln,"Lincoln, Abraham",Arthur Brooks Lapsley,"=""""","=""""",0,4.33,,Kindle Edition,516,2012,2004,,2016/04/09,to-read,to-read (#530),to-read,,,,0,0
18755921,The Writings of Abraham Lincoln - Volume 2: 1843-1858,Abraham Lincoln,"Lincoln, Abraham",,"=""""","=""""",0,4.14,,Kindle Edition,138,2012,2004,,2016/04/09,to-read,to-read (#529),to-read,,,,0,0
11556961,"The Writings of Abraham Lincoln, Vol. 6",Abraham Lincoln,"Lincoln, Abraham",Arthur Brooks Lapsley,"=""""","=""""",0,3.95,,Kindle Edition,506,,2003,,2016/04/09,to-read,to-read (#528),to-read,,,,0,0
11556962,"The Writings of Abraham Lincoln, Vol. 5",Abraham Lincoln,"Lincoln, Abraham",Arthur Brooks Lapsley,"=""""","=""""",0,4.16,,Kindle Edition,497,,1865,,2016/04/09,to-read,to-read (#527),to-read,,,,0,0
28262103,"Black [African] Speculative Fiction Writers ""Directory"": Fantasy, Horror, Science Fiction, Paranormal",Mia Mitns,"Mitns, Mia",,"=""""","=""""",0,4.15,Mia Mitns,Kindle Edition,24,2015,,,2016/04/09,to-read,to-read (#526),to-read,,,,0,0
16755685,"Exodus (Exodus Trilogy, #1)",Andreas Christensen,"Christensen, Andreas",,"=""""","=""""",0,3.75,,Kindle Edition,289,2012,2011,,2016/04/09,to-read,to-read (#525),to-read,,,,0,0
22847458,Left Alive #1: A Zombie Apocalypse Novel,Jeremy Laszlo,"Laszlo, Jeremy",Carlos Cara,"=""""","=""""",0,3.66,,Kindle Edition,252,2014,2014,,2016/04/09,to-read,to-read (#524),to-read,,,,0,0
26105391,"Aqua (The Elements Series, #1)",Tracy Korn,"Korn, Tracy",,"=""""","=""""",0,3.80,Animus Ferrum Publishing,ebook,366,2015,2015,,2016/04/09,to-read,to-read (#523),to-read,,,,0,0
17693982,"The Patchwork Girl of Oz (Oz, #7)",L. Frank Baum,"Baum, L. Frank",,"=""""","=""""",0,3.85,"Amazon Digital Services, Inc.",Kindle Edition,262,2012,1913,,2016/04/09,to-read,to-read (#522),to-read,,,,0,0
18759958,American Fairy Tales,L. Frank Baum,"Baum, L. Frank",,"=""""","=""""",0,3.65,,Kindle Edition,126,2012,1901,,2016/04/09,to-read,to-read (#521),to-read,,,,0,0
18919479,The Sea Fairies,L. Frank Baum,"Baum, L. Frank",,"=""""","=""""",0,3.74,,Kindle Edition,133,2012,1911,,2016/04/09,to-read,to-read (#520),to-read,,,,0,0
15726219,"The Marvelous Land of Oz (Oz, #2)",L. Frank Baum,"Baum, L. Frank",,"=""""","=""""",0,3.80,,Kindle Edition,173,2011,1904,,2016/04/09,to-read,to-read (#519),to-read,,,,0,0
18919423,A Kidnapped Santa Claus,L. Frank Baum,"Baum, L. Frank",,"=""""","=""""",0,3.33,,Kindle Edition,31,2012,1904,,2016/04/09,to-read,to-read (#518),to-read,,,,0,0
18885104,Rinkitink in Oz (Oz #10),L. Frank Baum,"Baum, L. Frank",,"=""""","=""""",0,3.78,,Kindle Edition,189,2012,1916,,2016/04/09,to-read,to-read (#517),to-read,,,,0,0
18682725,Dorothy and the Wizard in Oz (Oz #4),L. Frank Baum,"Baum, L. Frank",,"=""""","=""""",0,3.73,,Kindle Edition,170,2012,1908,,2016/04/09,to-read,to-read (#516),to-read,,,,0,0
18892889,The Tin Woodman of Oz (Oz #12),L. Frank Baum,"Baum, L. Frank",,"=""""","=""""",0,3.82,,Kindle Edition,169,2012,1918,,2016/04/09,to-read,to-read (#515),to-read,,,,0,0
15845310,"The Emerald City of Oz (Oz, #6)",L. Frank Baum,"Baum, L. Frank",,"=""""","=""""",0,3.85,,Kindle Edition,150,2012,1910,,2016/04/09,to-read,to-read (#514),to-read,,,,0,0
17693987,"Tik-Tok of Oz (Oz, #8)",L. Frank Baum,"Baum, L. Frank",,"=""""","=""""",0,3.78,"Amazon Digital Services, Inc.",Kindle Edition,232,2012,1914,,2016/04/09,to-read,to-read (#513),to-read,,,,0,0
18885106,Glinda of Oz (Oz #14),L. Frank Baum,"Baum, L. Frank",,"=""""","=""""",0,3.89,,Kindle Edition,101,2012,1920,,2016/04/09,to-read,to-read (#512),to-read,,,,0,0
18885105,The Lost Princess of Oz (Oz #11),L. Frank Baum,"Baum, L. Frank",,"=""""","=""""",0,3.90,,Kindle Edition,132,2012,1917,,2016/04/09,to-read,to-read (#511),to-read,,,,0,0
17693967,"The Road to Oz (Oz, #5)",L. Frank Baum,"Baum, L. Frank",,"=""""","=""""",0,3.72,"Amazon Digital Services, Inc.",Kindle Edition,272,2012,1909,,2016/04/09,to-read,to-read (#510),to-read,,,,0,0
17693844,Ozma of Oz (Oz #3),L. Frank Baum,"Baum, L. Frank",,"=""""","=""""",0,3.95,"Amazon Digital Services, Inc.",Kindle Edition,225,2012,1907,,2016/04/09,to-read,to-read (#509),to-read,,,,0,0
18885108,The Scarecrow of Oz (Oz #9),L. Frank Baum,"Baum, L. Frank",,"=""""","=""""",0,3.77,,Kindle Edition,265,2012,1915,,2016/04/09,to-read,to-read (#508),to-read,,,,0,0
18885107,The Magic of Oz (Oz #13),L. Frank Baum,"Baum, L. Frank",,"=""""","=""""",0,3.88,,Kindle Edition,240,2012,1919,,2016/04/09,to-read,to-read (#507),to-read,,,,0,0
15845322,The Picture of Dorian Gray,Oscar Wilde,"Wilde, Oscar",,"=""""","=""""",0,4.13,Amazon Digital Services,Kindle Edition,175,2012,1890,,2016/04/09,to-read,to-read (#506),to-read,,,,0,0
11323695,Anticipations,H.G. Wells,"Wells, H.G.",,"=""""","=""""",0,3.00,,Kindle Edition,342,,1901,,2016/04/09,to-read,to-read (#505),to-read,,,,0,0
18073813,The Invisible Man,H.G. Wells,"Wells, H.G.",,"=""""","=""""",0,3.63,Public Domain Book,Kindle Edition,137,2012,1897,,2016/04/09,to-read,to-read (#504),to-read,,,,0,0
11297042,Tales of Space and Time,H.G. Wells,"Wells, H.G.",,"=""""","=""""",0,3.73,,Kindle Edition,206,,1899,,2016/04/09,to-read,to-read (#502),to-read,,,,0,0
18881506,The War in the Air,H.G. Wells,"Wells, H.G.",,"=""""","=""""",0,3.61,,Kindle Edition,280,2012,1908,,2016/04/09,to-read,to-read (#501),to-read,,,,0,0
27395925,Dirt,C.C. Hogan,"Hogan, C.C.",,"=""""","=""""",0,3.90,"Amazon Digital Services, Inc.",Kindle Edition,371,2015,,,2016/04/09,to-read,to-read (#500),to-read,,,,0,0
15845255,"The Gods of Mars (Barsoom, #2)",Edgar Rice Burroughs,"Burroughs, Edgar Rice",,"=""""","=""""",0,3.88,"Amazon Digital Services, Inc. ",Kindle Edition,274,2012,1913,,2016/04/09,to-read,to-read (#498),to-read,,,,0,0
18825116,The Lost Continent,Edgar Rice Burroughs,"Burroughs, Edgar Rice",,"=""""","=""""",0,3.64,,Kindle Edition,146,2012,1916,,2016/04/09,to-read,to-read (#497),to-read,,,,0,0
17254638,"The Warlord of Mars (Barsoom, #3)",Edgar Rice Burroughs,"Burroughs, Edgar Rice",,"=""""","=""""",0,3.86,Public Domain Books,Kindle Edition,182,2012,1916,,2016/04/09,to-read,to-read (#496),to-read,,,,0,0
17930165,"Thuvia, Maid of Mars (Barsoom, #4)",Edgar Rice Burroughs,"Burroughs, Edgar Rice",,"=""""","=""""",0,3.77,,Kindle Edition,176,2012,1916,,2016/04/09,to-read,to-read (#495),to-read,,,,0,0
17930170,"The Chessmen of Mars (Barsoom, #5)",Edgar Rice Burroughs,"Burroughs, Edgar Rice",,"=""""","=""""",0,3.83,Open Road Media Sci-Fi & Fantasy,Kindle Edition,333,2014,1922,,2016/04/09,to-read,to-read (#494),to-read,,,,0,0
19030948,The Way of Peace,James Allen,"Allen, James",,"=""""","=""""",0,4.05,,Kindle Edition,117,2012,1901,,2016/04/09,to-read,to-read (#492),to-read,,,,0,0
40388,"John Carter of Mars (Barsoom, #11)",Edgar Rice Burroughs,"Burroughs, Edgar Rice",,"=""0345329554""","=""9780345329554""",0,3.83,Del Rey/Ballantine Books,Mass Market Paperback,167,1991,1943,,2016/04/05,to-read,to-read (#491),to-read,,,,0,0
40395,"A Princess of Mars (Barsoom, #1)",Edgar Rice Burroughs,"Burroughs, Edgar Rice",John Seelye,"=""0143104888""","=""9780143104889""",0,3.81,Penguin Books,Paperback,186,2007,1912,,2016/04/05,to-read,to-read (#490),to-read,,,,0,0
16283014,A Christmas Carol,Charles Dickens,"Dickens, Charles",,"=""""","=""""",5,4.09,,Kindle Edition,112,2012,1843,2016/04/05,2016/04/03,,,read,,,,1,1
2623,Great Expectations,Charles Dickens,"Dickens, Charles","Kate Flint, Margaret Cardwell","=""0192833596""","=""9780192833594""",0,3.80,Oxford University Press,Paperback,544,1998,1861,,2016/04/05,to-read,to-read (#489),to-read,,,,0,0
1953,A Tale of Two Cities,Charles Dickens,"Dickens, Charles",,"=""0141439602""","=""9780141439600""",0,3.88,Penguin Books,Paperback,489,2003,1859,,2016/04/05,to-read,to-read (#488),to-read,,,,0,0
24724602,Flash Boys: A Wall Street Revolt,Michael   Lewis,"Lewis, Michael",,"=""0393351599""","=""9780393351590""",0,4.14,W. W. Norton & Company,Paperback,304,2015,2014,,2016/04/05,to-read,to-read (#487),to-read,,,,0,0
1301,Moneyball,Michael   Lewis,"Lewis, Michael",,"=""0393324818""","=""9780393324815""",0,4.27,W. W. Norton & Company,Paperback,317,2004,2003,,2016/04/05,to-read,to-read (#486),to-read,,,,0,0
817791,The Blind Side,Michael   Lewis,"Lewis, Michael",,"=""0393330478""","=""9780393330472""",0,4.17,W. W. Norton & Company,Paperback,339,2007,2006,,2016/04/05,to-read,to-read (#485),to-read,,,,0,0
15993250,8 Types Of Natural Light That Will Add Drama To Your Photographs,Anne McKinnell,"McKinnell, Anne",,"=""""","=""""",0,3.68,,Kindle Edition,24,2012,2012,,2015/04/21,to-read,to-read (#484),to-read,,,,0,0
18922639,BiggerPockets Presents: The Ultimate Beginner's Guide to Real Estate Investing,Joshua Dorkin,"Dorkin, Joshua",Brandon Turner,"=""""","=""""",0,3.88,"BiggerPockets Publishing, LLC",Kindle Edition,151,2013,2013,,2015/05/05,to-read,to-read (#483),to-read,,,,0,0
520270,Love and Profit the Art of Caring Leadership,James A. Autry,"Autry, James A.",,"=""0380717492""","=""9780380717491""",0,3.96,Avon,Paperback,219,1991,1990,,2014/12/24,"books-i-own, to-read","books-i-own (#143), to-read (#482)",to-read,,,,0,1
29509426,Stephen Curry: Inspirational Story of Stephen Curry,Larry Grover,"Grover, Larry",,"=""""","=""""",0,4.00,,Kindle Edition,32,2016,,,2016/04/01,to-read,to-read (#481),to-read,,,,0,0
17401120,The Time Machine,H.G. Wells,"Wells, H.G.",,"=""""","=""""",3,3.89,,Kindle Edition,128,2012,1895,2016/04/01,2016/03/30,,,read,,,,1,1
12424711,"Fat Power: ""I went from a Personal Trainer to a Former Employee and then to a Creditor when The Corrupt Bally Total Fitness Filed for Bankruptcy - but I Still Bench Pressed them!""",Nell Bly,"Bly, Nell",,"=""0979343720""","=""9780979343728""",1,1.00,,Kindle Edition,120,,2011,,2012/01/23,,,read,,,,1,1
29103028,"The Queen's Poisoner (Kingfountain, #1)",Jeff Wheeler,"Wheeler, Jeff",,"=""150398298X""","=""9781503982987""",5,4.14,47North,Kindle Edition,336,2016,2016,2016/03/27,2016/03/02,my-kindle-firsts,my-kindle-firsts (#3),read,,,,1,1
25387202,"Star Wars: The Force Awakens (Star Wars Novelizations, #7)",Alan Dean Foster,"Foster, Alan Dean",,"=""1101965509""","=""9781101965504""",0,3.71,LucasBooks,ebook,272,2015,2015,,2016/03/27,to-read,to-read (#480),to-read,,,,0,0
2784926,"The Beautiful Struggle: A Father, Two Sons and an Unlikely Road to Manhood",Ta-Nehisi Coates,"Coates, Ta-Nehisi",,"=""0385520360""","=""9780385520362""",0,4.08,Spiegel & Grau,Hardcover,227,2008,2008,,2016/03/09,to-read,to-read (#479),to-read,,,,0,0
15798078,Decisive: How to Make Better Choices in Life and Work,Chip Heath,"Heath, Chip",Dan Heath,"=""0307956393""","=""9780307956392""",0,3.96,Crown Currency,Hardcover,336,2013,2013,,2016/03/09,to-read,to-read (#478),to-read,,,,0,0
56454,Strengths Finder 2.0,Tom Rath,"Rath, Tom",,"=""159562015X""","=""9781595620156""",0,3.93,Gallup Press,Hardcover,174,2007,2007,,2016/03/09,"to-read, books-i-own","to-read (#477), books-i-own (#290)",to-read,,,,0,0
8089515,You Can Choose to Be Rich,Robert T. Kiyosaki,"Kiyosaki, Robert T.",,"=""""","=""""",0,4.22,,Audio CD,,2008,2008,,2016/03/09,"to-read, books-i-own","to-read (#476), books-i-own (#289)",to-read,,,,0,0
10783088,Unfair Advantage,Robert T. Kiyosaki,"Kiyosaki, Robert T.",,"=""1612680100""","=""9781612680101""",0,3.98,Plata Pub,Paperback,269,2011,,,2016/03/09,to-read,to-read (#475),to-read,,,,0,0
6476204,Rich Dad's Conspiracy of the Rich: The 8 New Rules of Money,Robert T. Kiyosaki,"Kiyosaki, Robert T.",,"=""0446559806""","=""9780446559805""",0,4.02,Business Plus,Paperback,272,2009,2010,,2016/03/09,to-read,to-read (#474),to-read,,,,0,0
28695962,Winter Men,Jesper Bugge Kold,"Kold, Jesper Bugge",K.E. Semmel,"=""150399757X""","=""9781503997578""",0,3.84,AmazonCrossing,Kindle Edition,340,2016,2014,,2016/03/02,"to-read, my-kindle-firsts","to-read (#473), my-kindle-firsts (#4)",to-read,,,,0,0
12995781,The Myth of the Garage: And Other Minor Surprises,Chip Heath,"Heath, Chip",Dan Heath,"=""0307953599""","=""9780307953599""",4,3.75,Crown Business,Kindle Edition,60,2011,2011,2016/03/01,2016/02/29,,,read,,,,1,1
23164151,7L: The Seven Levels of Communication: Go From Relationships to Referrals,Michael J.  Maher,"Maher, Michael J.",,"=""1940363705""","=""9781940363707""",0,4.34,BenBella Books,Kindle Edition,185,2014,2010,,2016/02/25,to-read,to-read (#472),to-read,,,,0,0
113576,The Smartest Guys in the Room: The Amazing Rise and Scandalous Fall of Enron,Bethany McLean,"McLean, Bethany",Peter Elkind,"=""1591840538""","=""9781591840534""",0,4.22,Portfolio Trade,Paperback,440,2004,2003,,2016/02/25,to-read,to-read (#471),to-read,,,,0,0
12675109,"Great by Choice: Uncertainty, Chaos, and Luck—Why Some Thrive Despite Them All",Jim Collins,"Collins, Jim","Jim Collins, Morten T. Hansen","=""0062121006""","=""9780062121004""",0,4.11,HarperBusiness,Kindle Edition,183,2011,2011,,2016/02/25,to-read,to-read (#470),to-read,,,,0,0
950321,Stride Toward Freedom: The Montgomery Story,Martin Luther King Jr.,"Jr., Martin Luther King",,"=""0062504908""","=""9780062504906""",0,4.58,Harpercollins Childrens Books,Paperback,240,1987,1957,,2016/02/20,to-read,to-read (#469),to-read,,,,0,0
211888,Where Do We Go from Here: Chaos or Community?,Martin Luther King Jr.,"Jr., Martin Luther King",,"=""0807005711""","=""9780807005712""",0,4.62,Bantam,Paperback,209,1968,1966,,2016/02/20,to-read,to-read (#468),to-read,,,,0,0
11820482,Getting to Yes: Negotiating Agreement without Giving In,Roger Fisher,"Fisher, Roger",,"=""1101539542""","=""9781101539545""",0,3.94,Penguin,Kindle Edition,234,2011,1981,,2016/01/24,to-read,to-read (#467),to-read,,,,0,0
1694071,The HP Way: How Bill Hewlett And I Built Our Company,David Packard,"Packard, David",David Kirby with Karen Lewis,"=""0887307477""","=""9780887307478""",0,3.90,Collins,Hardcover,224,1995,1995,,2016/02/06,to-read,to-read (#465),to-read,,,,0,0
7891632,The Brand Within: The Power of Branding from Birth to the Boardroom (Display of Power Series),Daymond John,"John, Daymond",Daniel Paisner,"=""0982596219""","=""9780982596210""",0,3.94,Display of Power Pub Inc,Paperback,245,2010,2010,,2016/02/02,to-read,to-read (#464),to-read,,,,0,0
7234935,Warren Buffett's Management Secrets: Proven Tools for Personal and Business Success,Mary Buffett,"Buffett, Mary",David  Clark,"=""1439149372""","=""9781439149379""",4,3.73,Scribner,Hardcover,176,2009,2009,2011/10/11,2011/10/10,investing,investing (#6),read,,,,1,0
1215375,Buffettology: The Previously Unexplained Techniques That Have Made Warren Buffett the World's Most Famous Investor,Mary Buffett,"Buffett, Mary",David      Clark,"=""0684837137""","=""9780684837130""",5,4.03,Scribner,Hardcover,320,1997,,2011/12/20,2011/10/13,investing,investing (#5),read,GREAT book...I am going to go through it again to take notes. This book is full of common sense that isn't common at all. Loved it!,,,1,0
15752274,Big World Little Lens,Justin Balog,"Balog, Justin",,"=""""","=""""",4,4.67,Hossedia LLC,ebook,118,2012,2012,2012/07/15,2012/07/14,books-i-own,books-i-own (#118),read,,,,1,1
22677515,50 Simple Secrets To Be A Happy Real Estate Investor,John Fedro,"Fedro, John",,"=""""","=""""",0,3.91,,Kindle Edition,115,2014,2014,,2015/12/30,"to-read, books-i-own, real-estate","to-read (#439), books-i-own (#271), real-estate (#7)",to-read,,,,0,1
18973261,Real Estate Investing: How to Flip a House as a Real Estate Investor,William   Johnson,"Johnson, William",,"=""""","=""""",0,3.46,REIClub.com,Kindle Edition,45,2012,2012,,2015/12/30,"to-read, books-i-own, real-estate","to-read (#440), books-i-own (#272), real-estate (#6)",to-read,,,,0,1
342504,The Science of Getting Rich,Wallace D. Wattles,"Wattles, Wallace D.",,"=""1585426016""","=""9781585426010""",5,4.13,Tarcher/Penguin,Mass Market Paperback,146,2007,1910,2016/01/23,2014/11/14,books-i-own,books-i-own (#135),read,,,,1,1
847538,"FYI: For Your Improvement, A Guide for Development and Coaching",Michael M. Lombardo,"Lombardo, Michael M.",Robert W. Eichinger,"=""0974589233""","=""9780974589237""",0,4.27,Lominger Ltd Inc,Paperback,630,2006,1996,,2016/01/22,to-read,to-read (#463),to-read,,,,0,0
1057,The Richest Man in Babylon,Robert B. Goodman,"Goodman, Robert B.","Robert A.  Spicer, George S. Clason, Joseph Feher","=""0834830345""","=""9780834830349""",0,4.16,Hawthorn,Hardcover,159,1960,,2016/01/19,2016/01/19,,,read,,,,1,1
942043,The Spellbinder's Gift,Og Mandino,"Mandino, Og",,"=""0449912248""","=""9780449912249""",0,4.16,Fawcett Books (Ballantine Books),Paperback,209,1996,1994,,2016/01/19,to-read,to-read (#462),to-read,,,,0,0
10317794,George S. Clason's The Richest Man in Babylon: A 52 brilliant ideas interpretation (Infinite Success),Karen McCreadie,"McCreadie, Karen",,"=""1907755918""","=""9781907755910""",0,3.98,Infinite Ideas,Kindle Edition,128,2008,2008,,2016/01/10,to-read,to-read (#461),to-read,,,,0,0
17465697,Eat Move Sleep: How Small Choices Lead to Big Changes,Tom Rath,"Rath, Tom",,"=""1939714001""","=""9781939714008""",0,3.59,Missionday,Hardcover,246,2013,2013,,2016/01/13,to-read,to-read (#460),to-read,,,,0,0
28046871,The King of Taksim Square,Emrah Serbes,"Serbes, Emrah",Mark David Wyers,"=""150396597X""","=""9781503965973""",0,3.26,Amazon Crossing,Kindle Edition,362,2016,2014,,2015/12/25,"to-read, books-i-own, my-kindle-firsts","to-read (#459), books-i-own (#287), my-kindle-firsts (#1)",to-read,,,,0,1
20453431,Post-Human Omnibus,David  Simpson,"Simpson, David",,"=""""","=""""",0,3.75,Post-Human Media LLC,ebook,805,2014,2014,,2016/01/07,to-read,to-read (#458),to-read,,,,0,0
9353190,Sexual Intimacy in Marriage,William R. Cutrer,"Cutrer, William R.",Sandra L. Glahn,"=""0825400163""","=""9780825400162""",0,4.21,,Kindle Edition,344,,1997,,2016/01/07,to-read,to-read (#457),to-read,,,,0,0
20879029,The Inexplicable Laws of Success: Discover the Hidden Truths that Separate the 'Best' from the 'Rest',Virend Singh,"Singh, Virend",Verusha Singh,"=""1922113069""","=""9781922113061""",0,4.33,Ink 'n Ivory Pty Ltd,Kindle Edition,297,2014,2013,,2016/01/07,to-read,to-read (#456),to-read,,,,0,0
11149378,The Education of Millionaires: It's Not What You Think and It's Not Too Late,Michael Ellsberg,"Ellsberg, Michael",,"=""1591844207""","=""9781591844204""",0,3.90,Portfolio,Hardcover,258,2011,2011,,2016/01/02,to-read,to-read (#454),to-read,,,,0,0
764702,7 Strategies for Wealth & Happiness: Power Ideas from America's Foremost Business Philosopher,Jim Rohn,"Rohn, Jim",,"=""0761506160""","=""9780761506164""",0,4.45,Harmony,Paperback,176,1996,1996,,2016/01/02,to-read,to-read (#453),to-read,,,,0,0
18194581,Master Your DSLR Camera: A Better Way To Learn Digital Photography,David Becker,"Becker, David",,"=""""","=""""",3,3.29,,Kindle Edition,,,2011,2015/04/06,2015/03/24,,,read,,,,1,1
6980826,"Precipice (Star Wars: Lost Tribe of the Sith, #1)",John Jackson Miller,"Miller, John Jackson",,"=""0345519388""","=""9780345519382""",4,3.50,LucasBooks,Kindle Edition,60,2009,2009,2015/12/31,2011/12/19,books-i-own,books-i-own (#224),read,,,,1,1
20307976,Agent I1: Tristan (The D.I.R.E. Agency #1),Joni Hahn,"Hahn, Joni",,"=""""","=""""",0,3.69,,Kindle Edition,228,2013,2013,,2015/12/30,"to-read, books-i-own","to-read (#452), books-i-own (#284)",to-read,,,,0,1
19315189,Enough: Finding More by Living with Less,Will Davis Jr.,"Jr., Will Davis",,"=""1441238166""","=""9781441238160""",0,3.72,Revell,Kindle Edition,213,2012,2012,,2015/12/30,"to-read, books-i-own","to-read (#451), books-i-own (#283)",to-read,,,,0,1
20512030,Cold-Case Christianity: A Homicide Detective Investigates the Claims of the Gospels,J. Warner Wallace,"Wallace, J. Warner",,"=""""","=""""",0,4.39,David C. Cook,ebook,288,2013,2013,,2015/12/30,"to-read, books-i-own","to-read (#450), books-i-own (#282)",to-read,,,,0,1
20940608,Economics,Boundless,"Boundless, Boundless",,"=""1940464714""","=""9781940464718""",0,3.57,Boundless,Kindle Edition,0,2014,,,2015/12/30,"to-read, books-i-own","to-read (#449), books-i-own (#281)",to-read,,,,0,1
18666575,Accounting,Boundless,"Boundless, Boundless",,"=""1940464226""","=""9781940464220""",0,3.25,Boundless,Kindle Edition,0,2013,2013,,2015/12/30,"to-read, books-i-own","to-read (#448), books-i-own (#280)",to-read,,,,0,1
18660322,Political Science,Boundless,"Boundless, Boundless",,"=""1940464366""","=""9781940464367""",0,3.60,Boundless,Kindle Edition,0,2013,2013,,2015/12/30,"to-read, books-i-own","to-read (#443), books-i-own (#279)",to-read,,,,0,1
18890254,Communications,Boundless,"Boundless, Boundless",,"=""1940464293""","=""9781940464299""",0,3.44,Boundless,Kindle Edition,0,2013,2013,,2015/12/30,"to-read, books-i-own","to-read (#444), books-i-own (#278)",to-read,,,,0,1
18651791,Statistics,Boundless,"Boundless, Boundless",,"=""1940464382""","=""9781940464381""",0,3.78,Boundless,Kindle Edition,0,2013,2013,,2015/12/30,"to-read, books-i-own","to-read (#446), books-i-own (#277)",to-read,,,,0,1
18883778,Algebra,Boundless,"Boundless, Boundless",,"=""1940464234""","=""""",0,3.89,Boundless,Kindle Edition,0,2013,2013,,2015/12/30,"to-read, books-i-own","to-read (#445), books-i-own (#276)",to-read,,,,0,1
18666574,Finance,Boundless,"Boundless, Boundless",,"=""1940464307""","=""9781940464305""",0,3.40,Boundless,Kindle Edition,0,2013,2013,,2015/12/30,"to-read, books-i-own","to-read (#447), books-i-own (#275)",to-read,,,,0,1
18890255,Calculus,Boundless,"Boundless, Boundless",,"=""1940464218""","=""9781940464213""",0,3.64,Boundless,Kindle Edition,0,2013,2013,,2015/12/30,"to-read, books-i-own","to-read (#442), books-i-own (#274)",to-read,,,,0,1
9726470,Financial Accounting in an Economic Context,Jamie Pratt,"Pratt, Jamie",,"=""0470635290""","=""9780470635292""",0,3.38,Wiley,Hardcover,848,2010,1999,,2015/12/30,"to-read, books-i-own","to-read (#441), books-i-own (#273)",to-read,,,,0,1
20803849,Real Estate Investors Investing In Probates,William   Johnson,"Johnson, William",,"=""""","=""""",0,3.51,,Kindle Edition,46,2014,2014,,2015/12/30,"to-read, books-i-own","to-read (#438), books-i-own (#270)",to-read,,,,0,1
18891945,"Make More Money: Secrets from the world's greatest finance classics: Napoleon Hill, Benjamin Franklin, George S. Clason and Charles Mackay (Infinite Success)",Infinite Ideas,"Ideas, Infinite",,"=""1908864028""","=""9781908864024""",0,3.64,Infinite Ideas,Kindle Edition,230,2011,2011,,2015/12/30,"to-read, books-i-own","to-read (#437), books-i-own (#269)",to-read,,,,0,1
23567068,"JP Morgan Biography: A Quick Summary of the Life of JP Morgan (JP Morgan, JP Morgan Biography, Successful People, Rich People, Biographies of Successful People)",Marcus Washington,"Washington, Marcus",,"=""""","=""""",0,3.47,,Kindle Edition,20,2014,2014,,2015/12/30,"to-read, books-i-own","to-read (#436), books-i-own (#268)",to-read,,,,0,1
21796773,"Adrift (Corps Justice - Daniel Briggs, #1)",C.G. Cooper,"Cooper, C.G.",,"=""""","=""""",0,4.25,Cooper & Associates,ebook,204,2014,2014,,2015/12/30,"to-read, books-i-own","to-read (#435), books-i-own (#266)",to-read,,,,0,1
23908255,Real Estate Investors Investing in Lease Options,William   Johnson,"Johnson, William",,"=""""","=""""",0,3.95,,Kindle Edition,41,2014,2014,,2015/12/30,"to-read, books-i-own","to-read (#434), books-i-own (#265)",to-read,,,,0,1
18923018,Real Estate Investors Marketing For Private Money,William   Johnson,"Johnson, William",,"=""""","=""""",0,3.30,,Kindle Edition,66,2012,2012,,2015/12/30,"to-read, books-i-own","to-read (#433), books-i-own (#264)",to-read,,,,0,1
15989574,"Awakened (Vampire Awakenings, #1)",Brenda K. Davies,"Davies, Brenda K.",,"=""""","=""""",0,3.79,,ebook,319,2012,2012,,2015/12/30,"to-read, books-i-own","to-read (#432), books-i-own (#263)",to-read,,,,0,1
23598345,"Blog Prompts: 101 Creative Topics that Attract Customers, Invite Discussion and Help You Create a Loyal Legion of Fans",Sherice Jacob,"Jacob, Sherice",,"=""""","=""""",0,3.65,,Kindle Edition,95,2014,2014,,2015/12/30,"to-read, books-i-own","to-read (#431), books-i-own (#262)",to-read,,,,0,1
23131012,How To Create Financial Freedom with Multiple Streams of Income: Master the Money Rules of the Rich and Live a Life of Abundance and Prosperity,Alexandra Scott,"Scott, Alexandra",,"=""""","=""""",0,4.00,Valentina Bellicova,Kindle Edition,36,2014,2014,,2015/12/30,"to-read, books-i-own","to-read (#430), books-i-own (#261)",to-read,,,,0,1
22640563,101 Amazing Facts,Jack Goldstein,"Goldstein, Jack",,"=""1783338776""","=""9781783338771""",3,3.65,Jack Goldstein Books,Kindle Edition,48,2014,2014,2015/12/30,2015/01/22,,,read,,,,1,1
9534444,Boomerang: Travels in the New Third World,Michael   Lewis,"Lewis, Michael",,"=""0393081818""","=""9780393081817""",5,3.90,W. W. Norton & Company,Hardcover,213,2011,2011,2015/12/29,2013/08/11,,,read,,,,1,0
15801967,Contagious: Why Things Catch On,Jonah Berger,"Berger, Jonah",,"=""1451686579""","=""9781451686579""",0,3.98,Simon & Schuster,Hardcover,210,2013,2013,,2015/12/28,to-read,to-read (#429),to-read,,,,0,0
13343371,Bertrand Russell's The Conquest Of Happiness: A Modern Day Interpretation Of A Self Help Classic (Infinite Success Series),Tim Phillips,"Phillips, Tim",,"=""1908864303""","=""9781908864307""",0,4.08,Infinite Ideas (Trade),Kindle Edition,113,2011,2010,,2015/12/28,"to-read, books-i-own","to-read (#428), books-i-own (#260)",to-read,,,,0,1
20497425,Wallace D. Wattles' The Science of Getting Rich: A modern-day interpretation of a personal finance classic (Infinite Success),John  Middleton,"Middleton, John",James                Robinson,"=""""","=""""",0,4.00,Infinite Ideas,Kindle Edition,120,2013,2011,,2015/12/28,"to-read, books-i-own","to-read (#427), books-i-own (#259)",to-read,,,,0,1
12478722,C. Northcote Parkinson's Parkinson's Law: A modern-day interpretation of a management classic (Infinite Success),Leo Gough,"Gough, Leo",,"=""6613147370""","=""9786613147370""",0,3.65,,Kindle Edition,122,,2010,,2015/12/28,"to-read, books-i-own","to-read (#426), books-i-own (#258)",to-read,,,,0,1
19433183,Fred Schwed's Where are the Customers' Yachts? A modern-day interpretation of an investment classic (Infinite Success),Leo Gough,"Gough, Leo",,"=""""","=""""",0,3.64,Infinite Ideas,Kindle Edition,178,2010,2010,,2015/12/28,"to-read, books-i-own","to-read (#425), books-i-own (#257)",to-read,,,,0,1
10883180,Charles Mackay's Extraordinary Popular Delusions and the Madness of Crowds: A modern-day interpretation of a finance classic (Infinite Success),Tim Phillips,"Phillips, Tim",,"=""""","=""""",0,3.46,,Kindle Edition,146,,2009,,2015/12/28,"to-read, books-i-own","to-read (#424), books-i-own (#256)",to-read,,,,0,1
22381602,37 Quickfire Lessons In Trading Options: 10 Years of Trading Experience Compacted Into Easy to Digest Lessons,Gavin McMaster,"McMaster, Gavin",,"=""""","=""""",0,3.96,,Kindle Edition,72,2014,2014,,2015/12/28,"to-read, books-i-own","to-read (#419), books-i-own (#255)",to-read,,,,0,1
22025214,"25 Website Must Haves For Driving Traffic, Leads, and Sales",Trent Dyrsmid,"Dyrsmid, Trent",,"=""""","=""""",0,3.49,,Kindle Edition,52,2014,2014,,2015/12/28,"to-read, books-i-own","to-read (#420), books-i-own (#254)",to-read,,,,0,1
23668961,"Essential Habits: 21 Life Changes That Can Make You Creative, Self-Confident and Charismatic",Can Akdeniz,"Akdeniz, Can",,"=""""","=""""",0,3.80,Best Business Books,Kindle Edition,105,2014,2014,,2015/12/28,"to-read, books-i-own","to-read (#422), books-i-own (#252)",to-read,,,,0,1
23826246,Ultimate App Making Guide: The Beginner's Guide to Setting up Their App Development Business,Callum Mackay,"Mackay, Callum",,"=""""","=""""",0,4.50,Callum Mackay,Kindle Edition,98,2014,2014,,2015/12/28,"to-read, books-i-own","to-read (#423), books-i-own (#251)",to-read,,,,0,1
23305645,CONFIDENCE BUILDING WORKBOOK: 25 Practical Ideas And Strategies Confidence Booster In 30Mins And 35 Must Have Daily Confidence Boost Tips,Elland Murray,"Murray, Elland",,"=""""","=""""",0,2.33,,Kindle Edition,42,2014,2014,,2015/12/28,"to-read, books-i-own","to-read (#414), books-i-own (#250)",to-read,,,,0,1
23820763,How To Create Unbreakable Habits In Life & Business: 10 Simple Ways to Achieve Your Goals and Get the Results You've Always Wanted,T.J.  Thomas,"Thomas, T.J.",,"=""""","=""""",0,0.0,eReads Publishing,Kindle Edition,40,2014,2014,,2015/12/28,"to-read, books-i-own","to-read (#415), books-i-own (#249)",to-read,,,,0,1
18621317,Meditations,Marcus Aurelius,"Aurelius, Marcus",,"=""""","=""""",0,4.28,,Kindle Edition,307,2012,180,,2015/12/28,"to-read, books-i-own","to-read (#416), books-i-own (#248)",to-read,,,,0,1
20446530,"Only in Chicago: How the Rod Blagojevich Scandal Engulfed Illinois; Embroiled Barack Obama, Rahm Emanuel, and Jesse Jackson, Jr.; and Enthralled the Nation",Natasha Korecki,"Korecki, Natasha",,"=""""","=""""",0,3.78,Agate Digital,Kindle Edition,208,2012,2012,,2015/12/28,"to-read, books-i-own","to-read (#417), books-i-own (#247)",to-read,,,,0,1
22320009,Game of Life - What if game designers ruled the world,Karsten Wysk,"Wysk, Karsten",,"=""""","=""""",0,4.00,Karsten Wysk,Kindle Edition,118,2014,2014,,2015/12/28,"to-read, books-i-own","to-read (#418), books-i-own (#246)",to-read,,,,0,1
23991201,"Stop Procrastinating Now: Learn the Secrets of How to Stop Your Procrastination Fast and Increase Productivity (Procrastination,Procrastination Cure,Procrastination ... Transformation,Time Management Book 1)",Jeffrey Harris,"Harris, Jeffrey",,"=""""","=""""",0,3.33,,Kindle Edition,24,2014,2014,,2015/12/28,"to-read, books-i-own","to-read (#413), books-i-own (#245)",to-read,,,,0,1
23998757,Public Speaking X: Tips to Unleash the TED Speaker in You,Rabih El Khodr,"Khodr, Rabih El",,"=""""","=""""",0,4.00,Rabih El Khodr,Kindle Edition,116,2014,2014,,2015/12/28,"to-read, books-i-own","to-read (#412), books-i-own (#244)",to-read,,,,0,1
19093524,Real Estate Marketing in the 21st Century | Twitter Marketing for Realtors: (Real Estate Marketing Social Media Series Book 1),Michael  Smythe,"Smythe, Michael",,"=""""","=""""",0,3.50,Well Fed Realtor,Kindle Edition,114,2013,2013,,2015/12/28,"to-read, books-i-own","to-read (#411), books-i-own (#243)",to-read,,,,0,1
22595013,100 Tax Loopholes and Tax Write Offs for Home Based Businesses,C. Ingraham,"Ingraham, C.",,"=""""","=""""",0,3.60,Life Hack Publications,Kindle Edition,56,2014,2014,,2015/12/28,"to-read, books-i-own","to-read (#410), books-i-own (#242)",to-read,,,,0,1
24014502,The 1 Day Brand: Learn How To Build A Physical Product Brand In One Day,Will   Evans,"Evans, Will",,"=""""","=""""",0,3.97,,Kindle Edition,42,2014,2014,,2015/12/28,"to-read, books-i-own","to-read (#409), books-i-own (#241)",to-read,,,,0,1
23657349,"Awaken Giant Within by Tony Robbins: Resume Book, Anthony Robbins (Resume Books)",Allan Green,"Green, Allan",,"=""""","=""""",0,4.38,,Kindle Edition,37,2014,2014,,2015/12/28,"to-read, books-i-own","to-read (#408), books-i-own (#240)",to-read,,,,0,1
18173381,"Strategic Management: Competitiveness and Globalization- Concepts and Cases, 11th Edition",Michael A. Hitt,"Hitt, Michael A.","R. Duane Ireland, Robert E. Hoskisson","=""1285425170""","=""9781285425177""",0,3.63,Cengage Learning,Hardcover,896,2014,2000,,2015/12/28,"to-read, books-i-own","to-read (#407), books-i-own (#239)",to-read,,,,0,1
18924307,Human Error: A Short Story Prequel to Overdraft: The Orion Offensive,John Jackson Miller,"Miller, John Jackson",,"=""""","=""""",0,3.51,Faraway Press,Kindle Edition,30,2013,2013,,2015/12/28,"to-read, books-i-own","to-read (#406), books-i-own (#238)",to-read,,,,0,1
13027248,"Sliding Void (Sliding Void, #1)",Stephen Hunt,"Hunt, Stephen",,"=""""","=""""",0,3.55,Green Nebula Publishing,Kindle Edition,96,2011,2011,,2015/12/28,"to-read, books-i-own","to-read (#405), books-i-own (#237)",to-read,,,,0,1
28181255,"The Least (Zombie Ocean, #3)",Michael John Grist,"Grist, Michael John",,"=""""","=""""",0,4.08,Shotgun Books,Kindle Edition,350,2015,2015,,2015/12/28,"to-read, books-i-own","to-read (#404), books-i-own (#236)",to-read,,,,0,1
25255135,"Vampires, Werewolves, & Zombies",W.J. May,"May, W.J.","Dale Mayer, Kristen Middleton, Chrissy Peebles","=""""","=""""",0,4.08,Dark Shadows Publishing,Kindle Edition,953,2015,2015,,2015/12/28,"to-read, books-i-own","to-read (#402), books-i-own (#235)",to-read,,,,0,1
23941832,Z-Minus I,Perrin Briar,"Briar, Perrin",,"=""""","=""""",0,3.41,,Kindle Edition,172,2014,2014,,2015/12/28,"to-read, books-i-own","to-read (#403), books-i-own (#234)",to-read,,,,0,1
28172114,"Teach And Grow Your Business: How To Create Multiple Streams of Income, Get More Clients, Work Less and Live More",Shanique Thompkins,"Thompkins, Shanique",,"=""1516306600""","=""9781516306602""",0,4.03,,Kindle Edition,47,2015,,,2015/12/28,"to-read, books-i-own","to-read (#400), books-i-own (#233)",to-read,,,,0,1
24190822,How I Lost 170 Million Dollars: My Time as #30 at Facebook,Noah Kagan,"Kagan, Noah",,"=""1619613018""","=""9781619613010""",0,3.66,,Kindle Edition,125,2014,2014,,2015/12/28,"to-read, books-i-own","to-read (#401), books-i-own (#232)",to-read,,,,0,1
13512511,"Secrets (Star Wars: Lost Tribe of the Sith, #8)",John Jackson Miller,"Miller, John Jackson",,"=""""","=""""",0,3.84,,Kindle Edition,66,2012,2012,,2015/12/28,"to-read, books-i-own","to-read (#399), books-i-own (#231)",to-read,,,,0,1
8141525,"Paragon (Star Wars: Lost Tribe of the Sith, #3)",John Jackson Miller,"Miller, John Jackson",,"=""034551940X""","=""9780345519405""",0,3.60,Random House Adult Trade Publishing Group,Kindle Edition,39,2010,2010,,2011/12/19,"to-read, books-i-own","to-read (#145), books-i-own (#226)",to-read,,,,0,1
8141526,"Savior (Star Wars: Lost Tribe of the Sith, #4)",John Jackson Miller,"Miller, John Jackson",,"=""""","=""""",0,3.64,,Kindle Edition,,,2010,,2011/12/19,"to-read, books-i-own","to-read (#146), books-i-own (#227)",to-read,,,,0,1
9755435,"Purgatory (Star Wars: Lost Tribe of the Sith, #5)",John Jackson Miller,"Miller, John Jackson",,"=""0345519426""","=""9780345519429""",0,3.67,LucasBooks,Kindle Edition,39,2010,2010,,2011/12/19,"to-read, books-i-own","to-read (#147), books-i-own (#228)",to-read,,,,0,1
10406480,"Sentinel (Star Wars: Lost Tribe of the Sith, #6)",John Jackson Miller,"Miller, John Jackson",,"=""0345519434""","=""9780345519436""",0,3.73,LucasBooks,Kindle Edition,39,2011,2011,,2011/12/19,"to-read, books-i-own","to-read (#148), books-i-own (#229)",to-read,,,,0,1
12217079,"Pantheon (Star Wars: Lost Tribe of the Sith, #7)",John Jackson Miller,"Miller, John Jackson",,"=""""","=""""",0,3.74,,Kindle Edition,,,2011,,2011/12/19,"to-read, books-i-own","to-read (#149), books-i-own (#230)",to-read,,,,0,1
27241505,Mass Influence: The Habits of the Highly Influential,Teresa de Grosbois,"Grosbois, Teresa de",,"=""""","=""""",0,3.81,,Kindle Edition,157,2015,,,2015/12/28,"to-read, books-i-own","to-read (#358), books-i-own (#222)",to-read,,,,0,1
26975705,The Ultimate Guide To Travel The World,Norbert Figueroa,"Figueroa, Norbert",,"=""""","=""""",0,3.83,Norbert Figueroa,Kindle Edition,357,2015,2015,,2015/12/28,"to-read, books-i-own","to-read (#359), books-i-own (#221)",to-read,,,,0,1
21089792,Explosive Social Media Marketing: Massive Media Marketing to Reach Millions,Scott  Bridges,"Bridges, Scott",,"=""""","=""""",0,2.67,,Kindle Edition,28,2014,2014,,2015/12/28,"to-read, books-i-own","to-read (#360), books-i-own (#220)",to-read,,,,0,1
25643534,How to Write a Book From Outline to Finish Line: 10 Simple Ways to Outline Your Nonfiction Book,Shelley Hitz,"Hitz, Shelley",,"=""""","=""""",0,3.71,Body and Soul Publishing,Kindle Edition,45,2015,2015,,2015/12/28,"to-read, books-i-own","to-read (#361), books-i-own (#219)",to-read,,,,0,1
25231591,Teach Online: Learn To Teach Online Using Your Skills And Earn An Extra Income (Online Business Collection Book 5),Mark Weston,"Weston, Mark",,"=""""","=""""",0,4.00,,Kindle Edition,36,2015,2015,,2015/12/28,"to-read, books-i-own","to-read (#366), books-i-own (#218)",to-read,,,,0,1
26860689,"Investing: Stocks, Options, Gold & Silver - Your Path to Wealth in a Bull or Bear Stock Market (Financial Crisis, Forex, Passive Income, Mutual Funds, Day Trading, Dividends, Penny Stocks)",Warrick Liversedge,"Liversedge, Warrick",,"=""""","=""""",0,3.29,,Kindle Edition,93,2015,2015,,2015/12/28,"to-read, books-i-own","to-read (#365), books-i-own (#217)",to-read,,,,0,1
26819196,"Photography business: An Amazing Guide for Every Photographer to Start Their Own Business (Photography business, business photography, business photography books)",Elton Carr,"Carr, Elton",,"=""""","=""""",0,0.0,,Kindle Edition,31,2015,2015,,2015/12/28,"to-read, books-i-own","to-read (#364), books-i-own (#216)",to-read,,,,0,1
26866020,A Practical Guide To Buying A Business: Your 8 Step Guide to Personal Freedom and Financial Independence,Thomas Aaron,"Aaron, Thomas",,"=""""","=""""",0,0.0,AKE,Kindle Edition,205,2015,2015,,2015/12/28,"to-read, books-i-own","to-read (#363), books-i-own (#215)",to-read,,,,0,1
23786447,Beginners Quick Guide to Passive Income: Learn Proven Ways to Earn Extra Income in the Cyber World,Alex Nkenchor Uwajeh,"Uwajeh, Alex Nkenchor",,"=""""","=""""",0,3.25,,Kindle Edition,34,2014,2014,,2015/12/28,"to-read, books-i-own","to-read (#362), books-i-own (#214)",to-read,,,,0,1
26874920,Your First $1k: How to Start a Successful Blog and Make Money Doing it,Mike Fishbein,"Fishbein, Mike",,"=""""","=""""",0,3.55,,Kindle Edition,81,2015,2015,,2015/12/28,"to-read, books-i-own","to-read (#367), books-i-own (#213)",to-read,,,,0,1
27152575,"Leadership Box Set: Learn 22 Amazing Tips from Steve Jobs to Become a Successful Leader. 20 Qualities and 23 Amazing Time-Management Lessons To Become ... (leadership, steve jobs, time management)",Edna Hart,"Hart, Edna",,"=""""","=""""",0,1.00,,Kindle Edition,182,2015,2015,,2015/12/28,"to-read, books-i-own","to-read (#368), books-i-own (#212)",to-read,,,,0,1
27152715,"Warren Buffett Box Set: 55 Amazingly Useful Investing Lessons for Life Changing Result and Success from Warren Buffett. 33 Lessons To Teach You How to ... book, life coaching, warren buffett way)",Anthony               Clark,"Clark, Anthony",,"=""""","=""""",0,2.75,,Kindle Edition,137,2015,2015,,2015/12/28,"to-read, books-i-own","to-read (#369), books-i-own (#211)",to-read,,,,0,1
6748358,Managers and the Legal Environment: Strategies for the 21st Century,Constance E. Bagley,"Bagley, Constance E.",Diane Savage,"=""0324582048""","=""9780324582048""",0,3.53,Cengage Learning,Hardcover,1152,2009,1991,,2015/12/28,"to-read, books-i-own","to-read (#370), books-i-own (#210)",to-read,,,,0,1
25157942,Henry Ford: As People Knew Him,Clinton LeFort,"LeFort, Clinton",Fred Hartsook,"=""""","=""""",0,5.00,MelatiaeTrade Publishing,Kindle Edition,13,2013,2013,,2015/12/28,"to-read, books-i-own","to-read (#375), books-i-own (#209)",to-read,,,,0,1
18757459,Jeff Bezos’ Secrets of Success,Gerardo Giannoni,"Giannoni, Gerardo",,"=""""","=""""",0,3.48,Baquiano Books,Kindle Edition,47,2012,2012,,2015/12/28,"to-read, books-i-own","to-read (#374), books-i-own (#208)",to-read,,,,0,1
22021732,Habit Stacking: 97 Small Life Changes That Take Five Minutes or Less,S.J. Scott,"Scott, S.J.",,"=""""","=""""",0,3.36,Oldtown Publishing LLC,Kindle Edition,191,2014,2014,,2015/12/28,"to-read, books-i-own","to-read (#373), books-i-own (#207)",to-read,,,,0,1
24943177,No More Excuses: The Five Accountabilities for Personal and Organizational Growth (No More Excuses Series),Sam  Silverstein,"Silverstein, Sam",,"=""0768407532""","=""9780768407532""",0,3.71,Sound Wisdom,Kindle Edition,234,2015,2009,,2015/12/28,"to-read, books-i-own","to-read (#372), books-i-own (#206)",to-read,,,,0,1
1285209,Unlimited Power,Anthony Robbins,"Robbins, Anthony",,"=""0671610880""","=""9780671610883""",0,4.22,Simon & Schuster,Hardcover,,1986,1986,,2015/12/28,"to-read, books-i-own","to-read (#371), books-i-own (#205)",to-read,,,,0,1
24993169,"Lean Six Sigma: Mastery - An Advanced Guide To Lean Six Sigma (Lean, Lean Six Sigma, Lean Six Sigma Healthcare, Lean Six Sigma Black Belt)",ClydeBank Business,"Business, ClydeBank",,"=""""","=""""",0,3.42,ClydeBank Media LLC,Kindle Edition,44,2015,2015,,2015/12/28,"to-read, books-i-own","to-read (#376), books-i-own (#204)",to-read,,,,0,1
22431104,"Transgression (City of God, #1)",Randall Ingermanson,"Ingermanson, Randall",R.S. Ingermanson,"=""1937031063""","=""9781937031060""",0,4.03,"DitDat, Inc.",Kindle Edition,380,2014,2000,,2015/12/28,"to-read, books-i-own","to-read (#377), books-i-own (#203)",to-read,,,,0,1
22812333,"AlterWorld (Play to Live, #1)",D. Rus,"Rus, D.",Дмитрий Рус,"=""""","=""""",0,4.13,Amazon Digital Services,ebook,441,2014,2013,,2015/12/28,"to-read, books-i-own","to-read (#378), books-i-own (#202)",to-read,,,,0,1
11382979,Gettysburg Address,Abraham Lincoln,"Lincoln, Abraham",,"=""""","=""""",0,4.52,,Kindle Edition,32,2011,1863,,2015/12/28,"to-read, books-i-own","to-read (#379), books-i-own (#201)",to-read,,,,0,1
18624236,"Genghis Khan (Makers of History, #21)",Jacob Abbott,"Abbott, Jacob",,"=""""","=""""",0,3.61,,Kindle Edition,185,2011,1860,,2015/12/28,"to-read, books-i-own","to-read (#380), books-i-own (#200)",to-read,,,,0,1
23445104,Maya Angelou 350+ Best Quotes: Maya Angelou Inspirational and Best Quotes from A Phenomenal Woman (Best Famous Quotes Book 1),DAKOTA HEARTKIND,"HEARTKIND, DAKOTA",,"=""""","=""""",0,4.14,The Source Publishing,Kindle Edition,54,2014,2014,,2015/12/28,"to-read, books-i-own","to-read (#384), books-i-own (#199)",to-read,,,,0,1
18754755,Richard Branson Failure and Success: The history of a Billionaire,Nrbooks,"Nrbooks, Nrbooks",,"=""""","=""""",0,3.20,NrBooks,Kindle Edition,31,2013,2013,,2015/12/28,"to-read, books-i-own","to-read (#383), books-i-own (#198)",to-read,,,,0,1
11392615,Theodore Roosevelt: An Autobiography,Theodore Roosevelt,"Roosevelt, Theodore",,"=""""","=""""",0,3.90,,Kindle Edition,312,,1913,,2015/12/28,"to-read, books-i-own","to-read (#382), books-i-own (#197)",to-read,,,,0,1
15840454,The Life of Abraham Lincoln,Henry Ketcham,"Ketcham, Henry",,"=""""","=""""",0,4.13,,Kindle Edition,433,2012,1901,,2015/12/28,"to-read, books-i-own","to-read (#381), books-i-own (#195)",to-read,,,,0,1
23279094,Everything You Need to Know About Personal Finance in 1000 Words,C.J. Carlsen,"Carlsen, C.J.",,"=""""","=""""",0,3.79,Path to Financial Freedom,Kindle Edition,10,2014,2014,,2015/12/28,"to-read, books-i-own","to-read (#385), books-i-own (#194)",to-read,,,,0,1
22267265,"Personal Finance For Beginners In 30 Minutes, Volume 1: How to cut expenses, reduce debt, and better align spending & priorities",Ian Lamont,"Lamont, Ian",,"=""1939924545""","=""9781939924544""",0,3.47,i30 Media,Kindle Edition,88,2014,2014,,2015/12/28,"to-read, books-i-own","to-read (#386), books-i-own (#193)",to-read,,,,0,1
23753468,"How To Invest: Simple Strategies To Grow Your Money In Stocks, Forex, ETF’s, and Futures",Michael Edwards,"Edwards, Michael",Dan Trachtenberg,"=""""","=""""",0,3.12,Millionaire Minds Ltd.,Kindle Edition,147,2014,2014,,2015/12/28,"to-read, books-i-own","to-read (#387), books-i-own (#192)",to-read,,,,0,1
22544177,"The Ultimate Guide to Fast Charisma!: Quickly Increase Your Self Esteem, Communication, Leadership, And Exude Confidence and Charisma!",Ryan Cooper,"Cooper, Ryan",,"=""""","=""""",0,3.71,,Kindle Edition,34,2014,2014,,2015/12/28,"to-read, books-i-own","to-read (#388), books-i-own (#191)",to-read,,,,0,1
18842860,"HOW TO START A BLOG THAT PEOPLE WILL READ: How to create a website, write about a topic you love, develop a loyal readership, and make six figures doing it. (THE MAKE MONEY FROM HOME LIONS CLUB)",Mike Omar,"Omar, Mike",,"=""""","=""""",0,3.25,,Kindle Edition,107,2013,2013,,2015/12/28,"to-read, books-i-own","to-read (#389), books-i-own (#190)",to-read,,,,0,1
23601216,J.R.R. Tolkien: A Life Inspired,Wyatt North,"North, Wyatt",,"=""""","=""""",0,3.78,"Wyatt North Publishing, LLC",Kindle Edition,110,2014,2014,,2015/12/28,"to-read, books-i-own","to-read (#394), books-i-own (#189)",to-read,,,,0,1
22841044,NOT A BOOK: The 7 Habits That Will Change Your Life Forever,Adam Houge,"Houge, Adam",,"=""""","=""""",0,3.73,,Kindle Edition,210,2014,2014,,2015/12/28,"to-read, books-i-own","to-read (#392), books-i-own (#188)",to-read,,,,0,1
20945800,"50 Core American Documents: Required Reading for Students, Teachers, and Citizens",Christopher Burkett,"Burkett, Christopher",,"=""""","=""""",0,4.34,Ashbrook Press,Kindle Edition,601,2014,2013,,2015/12/28,"to-read, books-i-own","to-read (#391), books-i-own (#187)",to-read,,,,0,1
24068872,Ten Thousand Spirals,Steve Young,"Young, Steve",,"=""1629733113""","=""9781629733111""",0,3.96,Deseret Book,Kindle Edition,20,2014,2014,,2015/12/28,"to-read, books-i-own","to-read (#393), books-i-own (#186)",to-read,,,,0,1
23975619,Jesus the Christ: The Financial Wisdom of Jesus: The 7 Spiritual Principles of Wealth,Paul Millard,"Millard, Paul",,"=""""","=""""",0,3.38,,Kindle Edition,26,2014,2014,,2015/12/28,"to-read, books-i-own","to-read (#390), books-i-own (#185)",to-read,,,,0,1
23622284,"The Red King (Wyrd, #1)",Nick Cole,"Cole, Nick",,"=""""","=""""",0,3.88,Wonderment Media Incorporated,Kindle Edition,121,2014,2014,,2015/12/28,"to-read, books-i-own","to-read (#395), books-i-own (#184)",to-read,,,,0,1
23003055,Zombie Society,K. Bartholomew,"Bartholomew, K.",,"=""""","=""""",0,3.45,,Kindle Edition,178,2014,2014,,2015/12/28,"to-read, books-i-own","to-read (#395), books-i-own (#183)",to-read,,,,0,1
18849220,Everything I Know,Paul Jarvis,"Jarvis, Paul",,"=""""","=""""",0,3.71,Paul Jarvis,Kindle Edition,98,2013,2013,,2015/12/28,"to-read, books-i-own","to-read (#396), books-i-own (#182)",to-read,,,,0,1
23797871,"Passive Income: The Little Secrets of Passive Income (passive income ideas, passive income streams explained, passive income secrets): How You Can Create Passive Income With Little Or No Money At All",Raiden Steven,"Steven, Raiden",,"=""""","=""""",0,2.91,,Kindle Edition,64,2014,2014,,2015/12/28,"to-read, books-i-own","to-read (#397), books-i-own (#181)",to-read,,,,0,1
23920480,"Getting Things Done with 100+ Instant Productivity Hacks! Includes Over 100 Productivity Tips to Help You Get Things Done, Improve Time Management & Beat Procrastination With Highly Effective Habits",George Ilian,"Ilian, George",,"=""""","=""""",0,3.67,GeorgeIlian.com,Kindle Edition,42,2014,2014,,2015/12/28,"to-read, books-i-own","to-read (#398), books-i-own (#180)",to-read,,,,0,1
23272142,Real Estate: Investing Successfully for Beginners: Making Money and Building Wealth with your FIRST Real Estate property!,F.R. Commerce,"Commerce, F.R.",,"=""""","=""""",0,2.62,,Kindle Edition,148,2014,2014,,2015/12/28,"to-read, books-i-own","to-read (#357), books-i-own (#179)",to-read,,,,0,1
13628888,The Universe Doesn't Give a Flying Fuck About You,Johnny B. Truant,"Truant, Johnny B.",,"=""""","=""""",0,3.77,Sterling & Stone,Kindle Edition,13,2014,2012,,2015/12/28,"books-i-own, to-read","books-i-own (#178), to-read (#356)",to-read,,,,0,1
18901427,"You Are Dying, and Your World Is a Lie",Johnny B. Truant,"Truant, Johnny B.",,"=""""","=""""",0,3.87,Amazon Digital Services,Kindle Edition,9,2014,2012,,2015/12/28,"books-i-own, to-read","books-i-own (#177), to-read (#355)",to-read,,,,0,1
13297958,Disobey,Johnny B. Truant,"Truant, Johnny B.",,"=""""","=""""",0,3.98,,Kindle Edition,13,2011,2011,,2015/12/28,"books-i-own, to-read","books-i-own (#176), to-read (#354)",to-read,,,,0,1
18908446,How to Live Forever,Johnny B. Truant,"Truant, Johnny B.",,"=""""","=""""",0,4.00,,Kindle Edition,11,2014,2012,,2015/12/28,"books-i-own, to-read","books-i-own (#175), to-read (#353)",to-read,,,,0,1
647414,The Little Book That Makes You Rich: A Proven Market-Beating Formula for Growth Investing (Little Books. Big Profits),Louis Navellier,"Navellier, Louis",,"=""047013772X""","=""9780470137727""",4,3.36,Wiley,Hardcover,208,2007,2007,2011/10/17,2011/10/05,investing,investing (#3),read,,,,1,1
1134,Warren Buffett Speaks: Wit and Wisdom from the World's Greatest Investor,Warren Buffett,"Buffett, Warren",,"=""047116996X""","=""9780471169963""",4,3.86,John Wiley & Sons Inc,Hardcover,194,1997,1997,2011/11/15,2011/10/13,investing,investing (#2),read,,,,1,0
4865,How to Win Friends & Influence People,Dale Carnegie,"Carnegie, Dale",,"=""""","=""""",5,4.22,Gallery Books,Paperback,288,1998,1936,2015/12/12,2011/11/19,,,read,,,,1,1
52090,Eichmann in Jerusalem: A Report on the Banality of Evil,Hannah Arendt,"Arendt, Hannah",,"=""""","=""""",0,4.20,Penguin Classics,Paperback,312,2006,1963,,2015/12/08,to-read,to-read (#352),to-read,,,,0,0
822185,Think and Grow Rich: A Black Choice,Dennis Kimbro,"Kimbro, Dennis",Napoleon Hill,"=""0449219984""","=""9780449219980""",0,4.51,Fawcett,Mass Market Paperback,363,1992,1991,,2015/11/04,"currently-reading, books-i-own","currently-reading (#1), books-i-own (#174)",currently-reading,,,,1,1
23014006,Money Master the Game: 7 Simple Steps to Financial Freedom,Anthony Robbins,"Robbins, Anthony",Tony Robbins,"=""1476757801""","=""9781476757803""",5,4.00,Simon & Schuster,Hardcover,688,2014,2014,2015/07/29,2015/05/29,"books-i-own, investing","books-i-own (#171), investing (#1)",read,"Really great book. There is a lot of really good information in this book. I would recommend this books to anyone.<br/><br/>Additionally, I would encourage anyone who is thinking about reading this books to look at the reviews. What you will notice is that the vast majority of the 1 or 2 star ratings are by people who have not read this book. They read a chapter. Now look at the majority of the 4/5 star ratings - these are by people who actually read the book. Rating a book based on a sample is pretty ridiculous to me. Like rating an album after listening to part of the first song, or saying the Lord of the Rings trilogy sucked because you only watched the first 30 minutes. <rant over> lol",,,1,1
49172,The Four Obsessions of an Extraordinary Executive: A Leadership Fable,Patrick Lencioni,"Lencioni, Patrick",,"=""0787954039""","=""9780787954031""",0,4.12,Jossey-Bass,Hardcover,208,2000,2000,,2013/08/05,"to-read, books-i-own","to-read (#237), books-i-own (#173)",to-read,,,,0,1
2389174,The Little Book That Builds Wealth: The Knockout Formula for Finding Great Investments (Little Books. Big Profits),Pat Dorsey,"Dorsey, Pat",,"=""047022651X""","=""9780470226513""",0,4.29,Wiley,Hardcover,224,2008,2008,,2015/11/01,"to-read, books-i-own","to-read (#351), books-i-own (#172)",to-read,,,,0,1
17660462,The Everything Store: Jeff Bezos and the Age of Amazon,Brad Stone,"Stone, Brad",,"=""0316219266""","=""9780316219266""",0,4.14,"Little, Brown and Company",Hardcover,384,2013,2013,,2015/10/27,to-read,to-read (#350),to-read,,,,0,0
22836508,Reminiscences of a Stock Operator,Edwin Lefèvre,"Lefèvre, Edwin",,"=""""","=""""",0,4.18,Greenhorn Publishing,Kindle Edition,291,2014,,,2015/05/05,"books-i-own, to-read","books-i-own (#158), to-read (#349)",to-read,,,,0,1
15869565,10 Commandments for Real Estate Investors,Frank Gallinelli,"Gallinelli, Frank",,"=""0981813836""","=""9780981813837""",4,3.78,"Amazon Digital Services, Inc.",Kindle Edition,35,2012,2012,2014/12/20,2014/12/17,"books-i-own, real-estate","books-i-own (#139), real-estate (#5)",read,"<strong>good book</strong><br/><br/>I enjoyed how the author broke down each of the commandments. While this book is obviously meant to just 'wet your beak' regarding these concepts, it still gives a great deal of value to a real estate novice such as myself. ",,,1,1
24846750,How We Bought a 24-Unit Apartment Building for (Almost) No Money Down: A BiggerPockets QuickTip Book,Brandon Turner,"Turner, Brandon",,"=""""","=""""",5,4.05,"BiggerPockets Publishing, LLC",Kindle Edition,17,2015,2015,2015/05/05,2015/05/05,"books-i-own, real-estate","books-i-own (#164), real-estate (#3)",read,<strong>Great book</strong><br/><br/>I enjoyed reading the details to this purchase. It is a good cursory look at a real estate deal and creative strategies that were used. Great job!,,,1,1
16120,Mastering the Rockefeller Habits: What You Must Do to Increase the Value of Your Growing Firm,Verne Harnish,"Harnish, Verne",,"=""1590790154""","=""9781590790151""",0,3.97,"Gazelles, Inc.",Hardcover,176,2002,2002,,2015/07/29,to-read,to-read (#347),to-read,,,,0,0
1634493,"20,000 Years in Sing Sing",Lewis E. Lawes,"Lawes, Lewis E.",,"=""""","=""""",0,4.20,New Home Library,Hardcover,412,1942,1932,,2015/07/26,to-read,to-read (#346),to-read,,,,0,0
82101,Richest Man in Babylon and The Magic Story,George S. Clason,"Clason, George S.","Napoleon Hill, Frederick Van Rensselaer Dey","=""1559276924""","=""9781559276924""",0,4.19,High Roads Media,Audio CD,0,2002,2002,,2015/07/20,to-read,to-read (#345),to-read,,,,0,0
19441999,Market Research in Practice: How to Get Greater Insight From Your Market,Paul N. Hague,"Hague, Paul N.",,"=""""","=""""",0,3.93,Kogan Page,Kindle Edition,272,2013,1992,,2015/05/18,to-read,to-read (#344),to-read,,,,0,0
66354,Flow: The Psychology of Optimal Experience,Mihály Csíkszentmihályi,"Csíkszentmihályi, Mihály",,"=""""","=""""",0,4.11,Harper Perennial,Paperback,303,1990,1990,,2015/07/11,to-read,to-read (#343),to-read,,,,0,0
7563269,How to Make Yourself Famous: The Secrets a Professional Publicist,Gloria Michels,"Michels, Gloria",,"=""0803893590""","=""9780803893597""",0,0.0,Hastings House Pub,Paperback,285,1994,,,2015/07/11,to-read,to-read (#342),to-read,,,,0,0
78735,In the Year 2889,Jules Verne,"Verne, Jules",Michel Verne,"=""0809501287""","=""9780809501281""",0,3.26,Wildside Press,Paperback,32,2007,1889,,2013/10/18,"books-i-own, to-read","books-i-own (#129), to-read (#341)",to-read,,,,0,1
2674,The Wealthy Barber: The Common Sense Guide to Successful Financial Planning,David Chilton,"Chilton, David",,"=""0968394736""","=""9780968394731""",0,4.02,Stoddart Pub,Paperback,197,2002,,,2015/07/10,to-read,to-read (#340),to-read,,,,0,0
39077,The 21 Success Secrets of Self-Made Millionaires,Brian Tracy,"Tracy, Brian",,"=""1583762051""","=""9781583762059""",0,4.03,Berrett-Koehler Publishers,Hardcover,91,2001,,,2015/07/10,to-read,to-read (#339),to-read,,,,0,0
25574,Common Stocks and Uncommon Profits and Other Writings (Wiley Investment Classics),Philip A. Fisher,"Fisher, Philip A.",Kenneth L. Fisher,"=""0471445509""","=""9780471445500""",0,4.14,Wiley,Paperback,320,2003,1957,,2015/07/10,to-read,to-read (#338),to-read,,,,0,0
458827,The Fred Factor: How Passion in Your Work and Life Can Turn the Ordinary into the Extraordinary,Mark Sanborn,"Sanborn, Mark",John C. Maxwell,"=""0385513518""","=""9780385513517""",0,3.88,Crown Currency,Hardcover,112,2004,2002,,2015/07/10,to-read,to-read (#337),to-read,,,,0,0
22754652,How Not to Be Wrong: The Hidden Maths of Everyday Life,Jordan Ellenberg,"Ellenberg, Jordan",,"=""184614678X""","=""9781846146787""",0,3.95,Penguin,Hardcover,468,2014,2014,,2015/06/29,to-read,to-read (#336),to-read,,,,0,0
18008417,Trustology: The Art and Science of Leading High-Trust Teams,Richard Fagerlin,"Fagerlin, Richard",,"=""0989391604""","=""9780989391603""",0,3.85,Wise Guys Publishing LLC,Paperback,200,2013,2013,,2015/06/29,to-read,to-read (#335),to-read,,,,0,0
16688,The Man Who Sold the Moon,Robert A. Heinlein,"Heinlein, Robert A.",,"=""0671578634""","=""9780671578633""",0,3.90,Baen,Mass Market Paperback,295,2007,1950,,2015/05/27,to-read,to-read (#334),to-read,,,,0,0
207304,The Legend Of The Monk And The Merchant: Principles For Successful Living,Terry Felber,"Felber, Terry",,"=""0529120801""","=""9780529120809""",0,4.13,World Publishing,Paperback,145,2005,2004,,2015/05/27,to-read,to-read (#333),to-read,,,,0,0
127876,Lincoln the Unknown,Dale Carnegie,"Carnegie, Dale",,"=""0899683207""","=""9780899683201""",0,4.26,Buccaneer Books,Hardcover,256,1993,1932,,2015/05/23,"books-i-own, to-read","books-i-own (#169), to-read (#332)",to-read,,,,0,1
211099,"Losing My Virginity: How I've Survived, Had Fun, and Made a Fortune Doing Business My Way",Richard Branson,"Branson, Richard",,"=""0812932293""","=""9780812932294""",0,4.00,Crown Business,Paperback,416,1999,1998,,2013/08/11,"to-read, books-i-own","to-read (#257), books-i-own (#168)",to-read,,,,0,1
11468377,"Thinking, Fast and Slow",Daniel Kahneman,"Kahneman, Daniel",,"=""0374275637""","=""9780374275631""",0,4.17,"Farrar, Straus and Giroux",Hardcover,499,2011,2011,,2013/08/11,"to-read, books-i-own","to-read (#255), books-i-own (#166)",to-read,,,,0,1
23949392,The Business Book: Big Ideas Simply Explained,Sam Atkinson,"Atkinson, Sam",,"=""1465438378""","=""9781465438379""",0,4.14,DK,Kindle Edition,718,2014,2014,,2015/05/05,"books-i-own, to-read","books-i-own (#163), to-read (#311)",to-read,,,,0,1
12526640,Earn What You're Really Worth: Maximize Your Income at Any Time in Any Market,Brian Tracy,"Tracy, Brian",,"=""1593156308""","=""9781593156305""",0,3.85,Carroll & Graf,Paperback,255,2012,2011,,2015/05/12,to-read,to-read (#331),to-read,,,,0,0
1880339,The Greatest Success in the World,Og Mandino,"Mandino, Og",,"=""""","=""""",0,4.24,,,,2007,1981,,2015/05/10,to-read,to-read (#330),to-read,,,,0,0
897427,University of Success: From the bestselling author of The Greatest Salesman in the World,Og Mandino,"Mandino, Og",,"=""0553345354""","=""9780553345353""",0,4.33,Bantam,Paperback,544,1983,1980,,2015/05/10,to-read,to-read (#329),to-read,,,,0,0
336883,Mission: Success,Og Mandino,"Mandino, Og",,"=""0553265008""","=""9780553265002""",0,4.30,Bantam,Mass Market Paperback,176,1987,1987,,2015/05/10,to-read,to-read (#328),to-read,,,,0,0
336882,A Better Way to Live,Og Mandino,"Mandino, Og",,"=""0553286749""","=""9780553286748""",0,4.31,Bantam,Mass Market Paperback,144,1990,1990,,2015/05/10,to-read,to-read (#327),to-read,,,,0,0
897428,The Return of the Ragpicker,Og Mandino,"Mandino, Og",,"=""055329993X""","=""9780553299939""",0,4.30,Bantam,Mass Market Paperback,160,1993,1992,,2015/05/10,to-read,to-read (#326),to-read,,,,0,0
435030,The Gift of Acabar: A Warm and Shining Message of Inspiration,Og Mandino,"Mandino, Og",,"=""0553260847""","=""9780553260847""",0,4.13,Bantam,Paperback,128,1983,1978,,2015/05/10,to-read,to-read (#325),to-read,,,,0,0
435033,The Christ Commission,Og Mandino,"Mandino, Og",,"=""0553277421""","=""9780553277425""",0,4.27,Bantam Books,Mass Market Paperback,260,1983,1980,,2015/05/10,to-read,to-read (#324),to-read,,,,0,0
336886,The Twelfth Angel,Og Mandino,"Mandino, Og",,"=""0449911500""","=""9780449911501""",0,4.19,Ballantine Books,Paperback,164,1996,,,2015/05/10,to-read,to-read (#323),to-read,,,,0,0
897426,The Greatest Miracle in the World,Og Mandino,"Mandino, Og",,"=""0553279726""","=""9780553279726""",0,4.31,Bantam,Mass Market Paperback,108,1983,1975,,2015/05/10,to-read,to-read (#322),to-read,,,,0,0
336888,The Greatest Secret in the World,Og Mandino,"Mandino, Og",,"=""0553280384""","=""9780553280388""",0,4.31,Bantam,Mass Market Paperback,176,1997,1972,,2015/05/10,to-read,to-read (#321),to-read,,,,0,0
549210,The Choice: A Surprising New Message of Hope,Og Mandino,"Mandino, Og",,"=""0553245767""","=""9780553245769""",0,4.32,Bantam,Mass Market Paperback,176,1986,1984,,2015/05/10,to-read,to-read (#320),to-read,,,,0,0
18717539,"Make More, Worry Less: Secrets from 18 Extraordinary People Who Created a Bigger Income and a Better Life",Wes Moss,"Moss, Wes",,"=""""","=""""",0,3.24,FT Press,Kindle Edition,277,2008,2008,,2015/05/05,to-read,to-read (#319),to-read,,,,0,0
18038752,Insights From Beyond the Lens: Inside the Art & Craft of Landscape Photography,Robert Rodriguez Jr.,"Jr., Robert Rodriguez",,"=""1478339411""","=""9781478339410""",0,3.64,Robert Rodriguez Jr Photography Inc.,Kindle Edition,68,2012,2012,,2015/05/05,to-read,to-read (#318),to-read,,,,0,0
4376600,Rich Dad's Advisors: Guide to Investing In Gold and Silver: Protect Your Financial Future,Michael    Maloney,"Maloney, Michael",,"=""0446510998""","=""9780446510998""",0,4.20,Business Plus,Paperback,240,2008,2006,,2015/05/05,to-read,to-read (#317),to-read,,,,0,0
996,What Every Real Estate Investor Needs to Know about Cash Flow... And 36 Other Key Financial Measures,Frank Gallinelli,"Gallinelli, Frank",,"=""0071422579""","=""9780071422574""",0,4.14,McGraw-Hill,Paperback,261,2003,2003,,2015/05/05,to-read,to-read (#316),to-read,,,,0,0
1412144,Loopholes of the Rich: How the Rich Legally Make More Money and Pay Less Tax (Rich Dad's Advisors),Diane Kennedy,"Kennedy, Diane",,"=""0446678325""","=""9780446678322""",0,4.08,Warner Business Books,Paperback,384,2001,2001,,2015/05/05,to-read,to-read (#315),to-read,,,,0,0
42772,Real Estate Loopholes: Secrets of Successful Real Estate Investing (Rich Dad's Advisors),Diane Kennedy,"Kennedy, Diane","Garrett Sutton, Robert T. Kiyosaki","=""0446691356""","=""9780446691352""",0,4.15,Warner Business Books,Paperback,240,2003,2003,,2015/05/05,to-read,to-read (#314),to-read,,,,0,0
1031,"Trump: Think Like a Billionaire: Everything You Need to Know About Success, Real Estate, and Life",Donald J. Trump,"Trump, Donald J.",Meredith McIver,"=""0345481402""","=""9780345481405""",0,3.62,Ballantine Books,Unknown Binding,288,2004,2004,,2015/05/05,to-read,to-read (#313),to-read,,,,0,0
115637,Million Dollar Habits: Proven Power Practices to Double and Triple Your Income,Brian Tracy,"Tracy, Brian",,"=""1932156704""","=""9781932156706""",0,4.01,Entrepreneur Press,Hardcover,304,2004,1999,,2015/05/05,to-read,to-read (#312),to-read,,,,0,0
25047030,Photography: Photography & Photoshop Box Set,Dwayne Brown,"Brown, Dwayne",,"=""""","=""""",0,3.78,Dwayne Brown,Kindle Edition,130,2015,2015,,2015/05/05,"books-i-own, to-read","books-i-own (#162), to-read (#310)",to-read,,,,0,1
25182934,Value Investing: A Value Investor's Journey Through the Unknown...,J. Lukas Neely,"Neely, J. Lukas",,"=""""","=""""",0,4.05,,,,,2015,,2015/05/05,"books-i-own, to-read","books-i-own (#161), to-read (#309)",to-read,,,,0,1
25190006,Jim Rohn: Jim Rohn Greatest Lessons and Best Quotes,Karen Harris,"Harris, Karen",,"=""""","=""""",0,4.29,,Kindle Edition,73,2015,2015,,2015/05/05,"books-i-own, to-read","books-i-own (#160), to-read (#308)",to-read,,,,0,1
24630888,"Blogging: Blogging For Profit Box Set; Blogging Bonanza For Beginners and Freelance Writing Super Set (blogging for money, how to blog for money, wordpress ... dummies, wordpress for beginners Book 1)",Thomas Reed,"Reed, Thomas",Nathan Beck,"=""""","=""""",0,2.67,,Kindle Edition,41,2015,2015,,2015/05/05,"books-i-own, to-read","books-i-own (#159), to-read (#307)",to-read,,,,0,1
40745,Mindset: The New Psychology of Success,Carol S. Dweck,"Dweck, Carol S.",,"=""""","=""""",0,4.09,Random House,Hardcover,276,2006,2006,,2015/05/05,to-read,to-read (#306),to-read,,,,0,0
22551809,The Road to Character,David  Brooks,"Brooks, David",,"=""081299325X""","=""9780812993257""",0,3.65,Random House,Hardcover,320,2015,2015,,2015/05/05,to-read,to-read (#305),to-read,,,,0,0
16158498,Give and Take: A Revolutionary Approach to Success,Adam M. Grant,"Grant, Adam M.",,"=""0670026557""","=""9780670026555""",0,4.07,Viking,Hardcover,320,2013,2013,,2015/05/05,to-read,to-read (#304),to-read,,,,0,0
162815,"Jesus, CEO: Using Ancient Wisdom for Visionary Leadership",Laurie Beth Jones,"Jones, Laurie Beth",,"=""0786881267""","=""9780786881260""",0,3.99,Hyperion,Paperback,352,1996,1995,,2015/04/23,"to-read, books-i-own","to-read (#303), books-i-own (#156)",to-read,,,,0,1
15806011,47 Ways To Make 100 Dollars In A Day,Jonathan Cockrum,"Cockrum, Jonathan",,"=""""","=""""",0,2.28,Jonathan Cockrum,Kindle Edition,68,2012,2012,,2014/12/17,"to-read, books-i-own","to-read (#302), books-i-own (#151)",to-read,,,,0,1
6570928,The Total Money Makeover Workbook,Dave Ramsey,"Ramsey, Dave",,"=""""","=""""",0,4.29,,Kindle Edition,245,,2003,,2015/01/10,"books-i-own, to-read","books-i-own (#149), to-read (#301)",to-read,,,,0,1
20511847,Inspirational Quotes: Top 365 Inspirational Quotes and Motivational Quotes,Tudor Wild,"Wild, Tudor",,"=""""","=""""",3,4.12,,Kindle Edition,78,2014,2014,2015/01/04,2014/12/26,books-i-own,books-i-own (#147),read,<strong>Great Collection</strong><br/><br/>There were a lot of really good quotes in here that I've never heard before. Downside (and the reason I gave it 3 stars) is that there were several quotes that were repeated. ,,,1,1
9854,The End of Poverty: Economic Possibilities for Our Time,Jeffrey D. Sachs,"Sachs, Jeffrey D.",Bono,"=""0143036580""","=""9780143036586""",0,3.69,Penguin Books,Paperback,464,2006,2005,,2015/01/03,to-read,to-read (#300),to-read,,,,0,0
16275056,Jesus On Every Page,David P. Murray,"Murray, David P.",,"=""1400205344""","=""9781400205349""",0,4.18,Thomas Nelson Publishers,Paperback,256,2013,2013,,2014/12/29,to-read,to-read (#299),to-read,,,,0,0
558943,1001 Ways to Energize Employees,Bob Nelson,"Nelson, Bob","Ken Blanchard, Barton Morris","=""0761101608""","=""9780761101604""",0,3.44,Workman Publishing Company,Paperback,224,1997,1997,,2014/12/24,"books-i-own, to-read","books-i-own (#145), to-read (#298)",to-read,,,,0,1
27537,Working with Emotional Intelligence,Daniel Goleman,"Goleman, Daniel",,"=""0553378589""","=""9780553378580""",0,3.82,Bantam,Paperback,400,2000,1998,,2014/12/24,"to-read, books-i-own","to-read (#297), books-i-own (#144)",to-read,,,,0,1
13537910,Building A Small Business That Warren Buffett Would Love,Adam Brownlee,"Brownlee, Adam",,"=""1118138880""","=""9781118138885""",0,3.71,John Wiley and Sons,Hardcover,208,2012,2012,,2014/12/23,to-read,to-read (#296),to-read,,,,0,0
343203,The Business School For People Who Like Helping People,Robert T. Kiyosaki,"Kiyosaki, Robert T.",,"=""9992267429""","=""9789992267424""",0,4.18,Cashflow Technologies Inc,Paperback,136,,,,2014/12/23,to-read,to-read (#295),to-read,,,,0,0
578736,Zig Ziglar's Secrets of Closing the Sale: For Anyone Who Must Get Others to Say Yes!,Zig Ziglar,"Ziglar, Zig",,"=""0425081028""","=""9780425081020""",0,4.16,Berkley,Paperback,416,1985,1984,,2014/12/23,to-read,to-read (#294),to-read,,,,0,0
498886,Grinding It Out: The Making of McDonald's,Ray Kroc,"Kroc, Ray",,"=""0312929870""","=""9780312929879""",0,4.01,St. Martin's Paperbacks,Mass Market Paperback,256,1992,1977,,2014/12/23,to-read,to-read (#293),to-read,,,,0,0
18866401,How to Earn a Hundred Dollars a Day,Caterina Christakos,"Christakos, Caterina",,"=""""","=""""",0,4.17,Caterina Christakos,ebook,69,2014,2013,,2014/12/23,to-read,to-read (#292),to-read,,,,0,0
626601,Pour Your Heart Into It: How Starbucks Built a Company One Cup at a Time,Howard Schultz,"Schultz, Howard",,"=""0786883561""","=""9780786883561""",0,4.02,Hachette Books,Paperback,351,1999,,,2014/12/23,to-read,to-read (#291),to-read,,,,0,0
9091152,The Intelligent Entrepreneur: How Three Harvard Business School Graduates Learned the 10 Rules of Successful Entrepreneurship,Bill Murphy Jr.,"Jr., Bill Murphy",,"=""0805091661""","=""9780805091663""",0,4.00,Henry Holt and Co.,Hardcover,352,2010,2010,,2014/12/23,to-read,to-read (#290),to-read,,,,0,0
17564394,Get Momentum Guide To Starting A Business: 30 Days To Turn Your Inspiration To Income,Cathy Presland,"Presland, Cathy",,"=""161842937X""","=""9781618429377""",0,4.18,BookBaby,Kindle Edition,98,2012,2012,,2014/12/23,to-read,to-read (#289),to-read,,,,0,0
6684638,"The Conversation: How Black Men and Women Can Build Loving, Trusting Relationships",Hill Harper,"Harper, Hill",,"=""1592404758""","=""9781592404759""",4,4.12,Gotham,Hardcover,268,2009,2009,2012/06/20,2012/02/23,books-i-own,books-i-own (#142),read,Good book. Liked it a lot.,,,1,1
157227,The Money Answer Book: Quick Answers to Your Everyday Financial Questions,Dave Ramsey,"Ramsey, Dave",,"=""0849996198""","=""9780849996191""",2,3.82,Thomas Nelson Inc,Paperback,160,2005,2005,2012/06/27,2012/05/11,books-i-own,books-i-own (#141),read,"So yeah...I don't think I'll be reading any more Ramsey books. Just not for me. I didn't like his tone. The vibe I get from him is 'here is my view, if you disagree you're an idiot/not smart'. He also sensationalizes numbers in order to make a point. For example: he said 'the average car payment is $378/month...if you put $378/month in a growth stock fund from the age of 25-65 you'd have $4.4 million!!' Um, he compared paying $378/month for 5 years to investing $378/month for FORTY YEARS! Also he doesn't give the rate at which the mutual fund would have to grow in order to reach that $4.4 million figure. He has some good views, and he has some views that are neither good nor bad - they're just his views, but the manner in which he represents them in distasteful to me.",,,1,1
15720855,3 SECRETLY GUARDED SIMPLE BUSINESSES FOR FINANCIAL FREEDOM,WK Buffet,"Buffet, WK",,"=""""","=""""",1,2.00,,Kindle Edition,7,2012,2012,2012/06/24,2012/06/24,books-i-own,books-i-own (#140),read,This book was the wackness. At least it was super short.,,,1,1
19178844,"Abraham Lincoln : Fun Facts, Without The Boring Bits!",Richard Rutherford,"Rutherford, Richard",,"=""""","=""""",3,4.10,,Kindle Edition,24,2013,2013,2014/12/22,2014/12/21,books-i-own,books-i-own (#138),read,,,,1,1
18216145,Auto,David Wailing,"Wailing, David",,"=""""","=""""",4,4.02,David Wailing,Kindle Edition,355,2013,2013,2014/12/20,2013/08/11,books-i-own,books-i-own (#128),read,<strong>Interesting Tale(s)</strong><br/><br/>I really enjoyed this book; I could imagine that some of the advances in technology in this book happening in real life. Great read!,,,1,1
8569496,"Visual Meetings: How Graphics, Sticky Notes and Idea Mapping Can Transform Group Productivity",David Sibbet,"Sibbet, David",,"=""0470601787""","=""9780470601785""",0,3.87,Wiley,Paperback,288,2010,2010,,2014/12/20,to-read,to-read (#288),to-read,,,,0,0
844935,The Master-Key to Riches: The World-Famous Philosophy of Personal Achievement Based on the Andrew CarnegieFormula for Money-Making,Napoleon Hill,"Hill, Napoleon",,"=""0449213501""","=""9780449213506""",0,4.27,Fawcett,Mass Market Paperback,208,1986,1945,,2014/12/20,to-read,to-read (#287),to-read,,,,0,0
3828307,Axiom: Powerful Leadership Proverbs,Bill Hybels,"Hybels, Bill",,"=""031027236X""","=""9780310272366""",0,4.13,Zondervan Publishing Company,Hardcover,224,2008,2008,,2014/12/20,to-read,to-read (#286),to-read,,,,0,0
761158,The One Minute Millionaire: The Enlightened Way to Wealth,Mark Victor Hansen,"Hansen, Mark Victor",Robert G. Allen,"=""0609609491""","=""9780609609491""",0,4.04,Harmony Books,Hardcover,388,2002,2001,,2014/12/16,to-read,to-read (#285),to-read,,,,0,0
13159280,The Flinch,Julien Smith,"Smith, Julien",,"=""""","=""""",0,3.75,,Kindle Edition,38,2011,2011,,2014/12/16,"books-i-own, to-read","books-i-own (#136), to-read (#284)",to-read,,,,0,1
142108,Rich Dad's Guide to Investing: What the Rich Invest in That the Poor and Middle Class Do Not!,Robert T. Kiyosaki,"Kiyosaki, Robert T.",Sharon L. Lechter,"=""0446677469""","=""9780446677462""",0,4.02,Time Warner Books,Paperback,403,2000,2000,,2011/08/01,to-read,to-read (#62),to-read,,,,0,0
139069,Endurance: Shackleton's Incredible Voyage,Alfred Lansing,"Lansing, Alfred",,"=""""","=""""",0,4.46,Carroll & Graf Publishers,Hardcover,282,1999,1959,,2014/12/02,to-read,to-read (#283),to-read,,,,0,0
99315,A Whole New Mind: Why Right-Brainers Will Rule the Future,Daniel H. Pink,"Pink, Daniel H.",,"=""1594481717""","=""9781594481710""",0,3.92,Riverhead Books,Paperback,275,2006,2004,,2014/12/02,to-read,to-read (#282),to-read,,,,0,0
10054210,The Innovator's DNA: Mastering the Five Skills of Disruptive Innovators,Jeffrey H. Dyer,"Dyer, Jeffrey H.","Hal B. Gregersen, Clayton M. Christensen","=""1422134814""","=""9781422134818""",0,3.97,Harvard Business Review Press,Hardcover,304,2011,,,2014/12/02,to-read,to-read (#281),to-read,,,,0,0
13084138,The Power of Scrum,Jeff Sutherland,"Sutherland, Jeff","D.M. van Solingen, Eelco Rustenburg","=""1463578067""","=""9781463578060""",0,3.93,CreateSpace Independent Publishing Platform,Paperback,119,2011,2011,,2014/11/23,to-read,to-read (#280),to-read,,,,0,0
1705292,The Unemotional Investor: Simple System for Beating the Market (Motley Fool Books),Robert Sheard,"Sheard, Robert",,"=""0684853752""","=""9780684853758""",0,3.61,Atria,Paperback,240,1999,1998,,2011/08/01,to-read,to-read (#57),to-read,,,,0,0
13586932,The Outsiders: Eight Unconventional CEOs and Their Radically Rational Blueprint for Success,William N. Thorndike Jr.,"Jr., William N. Thorndike",,"=""1422162672""","=""9781422162675""",0,4.23,Harvard Business Review Press,Hardcover,251,2012,2012,,2014/11/04,to-read,to-read (#279),to-read,,,,0,0
2175786,The One Minute Entrepreneur: The Secret to Creating and Sustaining a Successful Business,Kenneth H. Blanchard,"Blanchard, Kenneth H.","Don Hutson, Ethan Willis","=""0385526024""","=""9780385526029""",0,3.99,Crown Business,Hardcover,160,2008,2008,,2014/10/13,to-read,to-read (#278),to-read,,,,0,0
4485966,Talent is Overrated: What Really Separates World-Class Performers from Everybody Else,Geoff Colvin,"Colvin, Geoff",,"=""1591842247""","=""9781591842248""",0,3.93,Portfolio,Hardcover,240,2008,2008,,2014/10/13,to-read,to-read (#277),to-read,,,,0,0
138398,"The Walking Dead, Vol. 1: Days Gone Bye",Robert Kirkman,"Kirkman, Robert",Tony Moore,"=""1582406723""","=""9781582406725""",0,4.27,Image Comics,Paperback,144,2013,2004,,2014/10/13,to-read,to-read (#276),to-read,,,,0,0
6697979,Presentation Zen Design,Garr Reynolds,"Reynolds, Garr",,"=""0321668790""","=""9780321668790""",0,4.19,New Riders Pub,Paperback,240,2009,2009,,2014/10/13,to-read,to-read (#275),to-read,,,,0,0
1122054,My Life And Work (The Autobiography Of Henry Ford),Henry Ford,"Ford, Henry",,"=""1420928198""","=""9781420928198""",0,4.18,Digireads.com,Paperback,140,2007,1922,,2014/10/13,to-read,to-read (#274),to-read,,,,0,0
630621,The Incredible Hulk: Planet Hulk,Greg Pak,"Pak, Greg","Carlo Pagulayan, Aaron Lopresti, Juan Santacruz, Gary Frank, Takeshi Miyazawa","=""0785122451""","=""9780785122456""",5,4.26,Marvel Enterprises,Hardcover,392,2007,2007,,2014/08/09,,,read,,,,1,0
298472,"Annihilation, Book One",Keith Giffen,"Giffen, Keith","Dan Abnett, Andy Lanning, Mitch Breitweiser, Scott Kolins, Ariel Olivetti, Kevin     Walker","=""0785125116""","=""9780785125112""",4,3.96,Marvel Enterprises,Hardcover,244,2007,2007,,2014/08/06,,,read,,,,1,0
91714,Civil War: A Marvel Comics Event,Mark Millar,"Millar, Mark",,"=""078512179X""","=""9780785121794""",5,4.10,Marvel,Comic,208,2006,2006,,2014/08/06,,,read,,,,1,0
106062,Civil War: Marvel Universe,Ed McGuinness,"McGuinness, Ed","Paul Jenkins, Dan Slott, Michael Avon Oeming, Matt Fraction","=""0785124705""","=""9780785124702""",5,4.06,Marvel Enterprises,Paperback,128,2007,2007,,2014/08/06,,,read,,,,1,0
273607,Marvel Zombies,Robert Kirkman,"Kirkman, Robert",Sean Phillips,"=""078512277X""","=""9780785122777""",5,3.75,Marvel Enterprises,Hardcover,120,2006,2006,,2014/08/06,books-i-own,books-i-own (#134),read,,,,1,1
8699416,Psych Yourself Rich: Get the Mindset and Discipline You Need to Build Your Financial Life,Farnoosh Torabi,"Torabi, Farnoosh",,"=""0132317656""","=""9780132317658""",0,3.35,,Kindle Edition,214,,2010,,2011/11/16,"to-read, books-i-own","to-read (#86), books-i-own (#56)",to-read,,,,0,1
20735225,"Water Walker - Episode 1 (The Outlaw Chronicles, #2.1)",Ted Dekker,"Dekker, Ted",,"=""""","=""""",4,4.10,Outlaw Studios,Kindle Edition,72,2014,2014,,2014/02/24,,,read,,,,1,1
19196797,First Contact: Space Exploration and Murders On Venus,Carl Conrad,"Conrad, Carl",,"=""""","=""""",3,3.12,Talent Writers,Kindle Edition,76,2014,2013,2014/02/19,2014/02/19,books-i-own,books-i-own (#133),read,,,,1,1
2700630,The Complete Idiot's Guide to Weight Training,Cane Deirdre Johns,"Johns, Cane Deirdre",,"=""0028631978""","=""9780028631974""",0,3.47,Alpha Books,Mass Market Paperback,352,1999,1999,,2012/06/11,"books-i-own, to-read","books-i-own (#131), to-read (#273)",to-read,,,,0,1
18361393,"Redemption (Infinity Blade, #2)",Brandon Sanderson,"Sanderson, Brandon",,"=""0983943028""","=""9780983943020""",5,3.78,ChAIR Entertainment Group,ebook,200,2013,2013,,2014/01/12,books-i-own,books-i-own (#132),read,,,,1,1
3427627,slide:ology: The Art and Science of Creating Great Presentations,Nancy Duarte,"Duarte, Nancy",,"=""0596522347""","=""9780596522346""",5,4.07,O'Reilly Media,Paperback,294,2008,2008,2013/12/30,2013/12/16,,,read,,,,1,0
89941,Multiple Streams of Internet Income: How Ordinary People Make Extraordinary Money Online,Robert G. Allen,"Allen, Robert G.",,"=""0471783277""","=""9780471783275""",0,3.62,Wiley,Hardcover,272,2006,2001,,2013/12/17,to-read,to-read (#272),to-read,,,,0,0
17847712,Let Go,Pat   Flynn,"Flynn, Pat",,"=""""","=""""",5,3.94,Flynnspired Productions,Kindle Edition,75,2013,2013,,2013/12/13,books-i-own,books-i-own (#130),read,,,,1,1
9596503,Presenting to Win: How to Use Animation Effectively to Tell Your Story,Jerry Weissman,"Weissman, Jerry",,"=""0132144166""","=""9780132144162""",0,3.75,FT Press,Kindle Edition,10,2009,2006,,2011/11/16,"to-read, books-i-own","to-read (#95), books-i-own (#64)",to-read,,,,0,1
535441,The Zombie Survival Guide: Complete Protection from the Living Dead,Max Brooks,"Brooks, Max",,"=""1400049628""","=""9781400049622""",5,3.86,Three Rivers Press,Paperback,272,2003,2003,2013/10/14,2013/10/08,,,read,,,,1,0
8908,World War Z: An Oral History of the Zombie War,Max Brooks,"Brooks, Max",,"=""0307346609""","=""9780307346605""",5,4.02,Crown,Hardcover,342,2006,2006,2013/10/08,2013/06/22,,,read,,,,1,0
76401,Bury My Heart at Wounded Knee: An Indian History of the American West,Dee Brown,"Brown, Dee",,"=""0805066691""","=""9780805066692""",0,4.26,"Henry Holt and Company, LLC",Paperback,509,2001,1970,,2013/09/17,to-read,to-read (#271),to-read,,,,0,0
9476510,Those Guys Have All the Fun: Inside the World of ESPN,James Andrew Miller,"Miller, James Andrew",Tom Shales,"=""0316043001""","=""9780316043007""",0,3.76,"Little, Brown and Company",Hardcover,763,2011,2011,,2011/08/01,"books-i-own, to-read","books-i-own (#125), to-read (#270)",to-read,,,,0,1
12915261,The Explicit Gospel,Matt Chandler,"Chandler, Matt",Jared C. Wilson,"=""1433530031""","=""9781433530036""",0,4.18,Crossway,Hardcover,237,2012,2012,,2012/12/05,to-read,to-read (#269),to-read,,,,1,0
6989790,Our Choice: A Plan to Solve the Climate Crisis,Al Gore,"Gore, Al",,"=""0307358062""","=""9780307358066""",0,3.99,Random House of Canada Ltd,Paperback,416,2035,2008,,2011/08/22,"books-i-own, to-read","books-i-own (#31), to-read (#268)",to-read,,,,0,1
49040,Death by Meeting: A Leadership Fable… about Solving the Most Painful Problem in Business,Patrick Lencioni,"Lencioni, Patrick",,"=""0787968056""","=""9780787968052""",5,4.03,Jossey-Bass,Hardcover,260,2004,2004,2013/08/12,2013/07/26,,,read,,,,1,0
16158522,Eleven Rings: The Soul of Success,Phil Jackson,"Jackson, Phil","Hugh Delehanty, Margarita Cavándoli","=""1611761670""","=""9781611761672""",0,4.19,Penguin Audio,Audio CD,,2013,2013,,2013/08/11,to-read,to-read (#267),to-read,,,,0,0
284735,The Last Season: A Team In Search of Its Soul,Phil Jackson,"Jackson, Phil",,"=""1594200351""","=""9781594200359""",0,4.10,The Penguin Press,Hardcover,272,2004,2005,,2013/08/11,to-read,to-read (#266),to-read,,,,0,0
262963,Love Is the Killer App: How to Win Business and Influence Friends,Tim Sanders,"Sanders, Tim",,"=""1400046831""","=""9781400046836""",0,3.85,Crown Currency,Paperback,240,2003,2002,,2013/08/11,to-read,to-read (#265),to-read,,,,0,0
81942,E-Myth Mastery: The Seven Essential Disciplines for Building a World-Class Company,Michael E. Gerber,"Gerber, Michael E.",,"=""0060723238""","=""9780060723231""",0,4.03,Harper Business,Paperback,464,2007,2004,,2013/08/11,to-read,to-read (#264),to-read,,,,0,0
36071,First Things First,Stephen R. Covey,"Covey, Stephen R.","A. Roger Merrill, Rebecca R. Merrill","=""0684802031""","=""9780684802039""",0,4.12,Free Press,Paperback,384,1996,1996,,2013/08/11,to-read,to-read (#263),to-read,,,,0,0
36076,The Speed of Trust: The One Thing that Changes Everything,Stephen M.R. Covey,"Covey, Stephen M.R.",Rebecca R. Merrill,"=""074329730X""","=""9780743297301""",0,3.97,Simon & Schuster,Hardcover,384,2006,2006,,2013/08/11,to-read,to-read (#262),to-read,,,,0,0
26329,Emotional Intelligence: Why It Can Matter More Than IQ,Daniel Goleman,"Goleman, Daniel",,"=""055380491X""","=""9780553804911""",0,4.05,Bantam,Hardcover,352,2006,1995,,2013/08/11,to-read,to-read (#261),to-read,,,,0,0
1044141,The 8th Habit: From Effectiveness to Greatness (The Covey Habits Series),Stephen R. Covey,"Covey, Stephen R.",,"=""0743287932""","=""9780743287937""",0,4.03,Free Press,Paperback,432,2004,2010,,2013/08/11,to-read,to-read (#260),to-read,,,,0,0
181206,The 80/20 Principle: The Secret to Achieving More with Less,Richard Koch,"Koch, Richard",,"=""0385491743""","=""9780385491747""",0,3.98,Crown Currency,Paperback,336,1999,1997,,2013/08/11,to-read,to-read (#259),to-read,,,,0,0
407999,Competitive Strategy: Techniques for Analyzing Industries and Competitors,Michael E. Porter,"Porter, Michael E.",,"=""0684841487""","=""9780684841489""",0,4.17,Free Press,Hardcover,397,1998,1980,,2013/08/11,to-read,to-read (#258),to-read,,,,0,0
9203287,The thank you economy,Gary Vaynerchuk,"Vaynerchuk, Gary",,"=""0061914185""","=""9780061914188""",0,3.84,Harpercollins,Paperback,256,2011,2010,,2013/08/11,to-read,to-read (#256),to-read,,,,0,0
160830,All Marketers Are Liars: The Power of Telling Authentic Stories in a Low-Trust World,Seth Godin,"Godin, Seth",,"=""1591841003""","=""9781591841005""",0,3.88,Portfolio Hardcover,Hardcover,208,2005,2005,,2013/08/11,to-read,to-read (#254),to-read,,,,0,0
84525,What Got You Here Won't Get You There,Marshall Goldsmith,"Goldsmith, Marshall",,"=""1781251568""","=""9781781251560""",0,3.95,Profile Books,Paperback,300,2013,2006,,2013/08/11,to-read,to-read (#253),to-read,,,,0,0
242472,The Black Swan: The Impact of the Highly Improbable,Nassim Nicholas Taleb,"Taleb, Nassim Nicholas",,"=""1400063515""","=""9781400063512""",0,3.96,Random House ,Hardcover,480,2007,2007,,2013/08/11,to-read,to-read (#252),to-read,,,,0,0
324748,The Dip: A Little Book That Teaches You When to Quit (and When to Stick),Seth Godin,"Godin, Seth",,"=""1591841666""","=""9781591841661""",0,3.78,Portfolio,Hardcover,80,2007,2007,,2013/08/11,to-read,to-read (#251),to-read,,,,0,0
866222,Winning,Jack Welch,"Welch, Jack",Suzy Welch,"=""0060753943""","=""9780060753948""",0,3.86,Harper Business,Hardcover,384,2005,2005,,2013/08/11,to-read,to-read (#250),to-read,,,,0,0
84699,"Never Eat Alone: And Other Secrets to Success, One Relationship at a Time",Keith Ferrazzi,"Ferrazzi, Keith",Tahl Raz,"=""0385512058""","=""9780385512053""",0,3.84,Crown Business,Hardcover,309,2005,2005,,2013/08/11,to-read,to-read (#249),to-read,,,,0,0
3828382,Tribes: We Need You to Lead Us,Seth Godin,"Godin, Seth",,"=""1591842336""","=""9781591842330""",0,3.80,Portfolio,Hardcover,151,2008,2008,,2013/08/11,to-read,to-read (#248),to-read,,,,0,0
6452796,Drive: The Surprising Truth About What Motivates Us,Daniel H. Pink,"Pink, Daniel H.",,"=""1594488843""","=""9781594488849""",0,3.95,Riverhead Books,Hardcover,242,2009,2009,,2013/08/11,to-read,to-read (#247),to-read,,,,0,0
16071764,"Lean In: Women, Work, and the Will to Lead",Sheryl Sandberg,"Sandberg, Sheryl",,"=""0385349947""","=""9780385349949""",0,3.95,Knopf,Hardcover,217,2013,,,2013/08/11,to-read,to-read (#246),to-read,,,,0,0
7440029,The Little Big Things: 163 Ways to Pursue EXCELLENCE,Tom Peters,"Peters, Tom",,"=""0061894087""","=""9780061894084""",0,3.91,Harper Business,Hardcover,576,2010,2010,,2013/08/05,to-read,to-read (#245),to-read,,,,0,0
148467,Rhinoceros Success,Scott  Alexander,"Alexander, Scott",Laurie Smallwood,"=""0937382000""","=""9780937382004""",0,3.84,Rhino's Press,Paperback,123,1980,1980,,2013/08/05,to-read,to-read (#244),to-read,,,,0,0
7155145,Linchpin: Are You Indispensable?,Seth Godin,"Godin, Seth",,"=""1591843162""","=""9781591843160""",0,3.83,Portfolio,Hardcover,244,2010,2010,,2011/11/18,to-read,to-read (#104),to-read,,,,0,0
9641795,"Necessary Endings: The Employees, Businesses, and Relationships That All of Us Have to Give Up in Order to Move Forward",Henry Cloud,"Cloud, Henry",,"=""0061777129""","=""9780061777127""",0,4.28,Harper Business,Hardcover,238,2011,2011,,2013/08/05,to-read,to-read (#243),to-read,,,,0,0
1060255,The Book of Romans: Righteousness in Christ (Volume 6) (21st Century Biblical Commentary Series),Woodrow Kroll,"Kroll, Woodrow","Ed Hindson, Mal Couch","=""0899578144""","=""9780899578149""",0,4.15,AMG Publishers,Hardcover,288,2003,2002,,2011/11/20,"books-i-own, to-read","books-i-own (#73), to-read (#242)",to-read,,,,0,1
1373573,"Before His Time: The Untold Story of Harry T. Moore, America's First Civil Rights Martyr",Ben Green,"Green, Ben",,"=""0684854538""","=""9780684854533""",0,4.30,Free Press,Hardcover,320,1999,1999,,2012/10/15,"to-read, books-i-own","to-read (#241), books-i-own (#127)",to-read,,,,0,1
3833030,The 3 Big Questions for a Frantic Family: A Leadership Fable... About Restoring Sanity To The Most Important Organization In Your Life (J-B Lencioni Series),Patrick Lencioni,"Lencioni, Patrick",,"=""0787995320""","=""9780787995324""",0,4.04,Jossey-Bass,Hardcover,240,2008,2008,,2013/08/05,to-read,to-read (#240),to-read,,,,0,0
170485,"Overcoming the Five Dysfunctions of a Team: A Field Guide for Leaders, Managers, and Facilitators (J-B Lencioni Series)",Patrick Lencioni,"Lencioni, Patrick",,"=""0787976377""","=""9780787976378""",0,4.11,Jossey-Bass,Paperback,168,2005,2002,,2013/08/05,to-read,to-read (#239),to-read,,,,0,0
49146,The Five Temptations of a CEO: A Leadership Fable,Patrick Lencioni,"Lencioni, Patrick",,"=""0787944335""","=""9780787944339""",0,4.11,Jossey-Bass Inc Pub,Hardcover,134,1998,1998,,2013/08/05,to-read,to-read (#238),to-read,,,,0,0
749937,The Three Signs of a Miserable Job: A Fable For Managers (and Their Employees),Patrick Lencioni,"Lencioni, Patrick",,"=""0787995312""","=""9780787995317""",0,4.14,Jossey-Bass Inc Pub,Hardcover,259,2007,2007,,2013/08/05,to-read,to-read (#236),to-read,,,,0,0
17732607,Blood Works,Horace E. Smith,"Smith, Horace E.",,"=""1888237414""","=""9781888237412""",0,5.00,Baxter Press,Kindle Edition,140,2011,2011,,2013/08/05,to-read,to-read (#235),to-read,,,,0,0
900396,Samson Syndrome,Mark Atteberry,"Atteberry, Mark",,"=""0785264477""","=""9780785264477""",0,4.28,Thomas Nelson,Paperback,224,2003,2003,,2013/08/05,to-read,to-read (#234),to-read,,,,0,0
19129,"Silos, Politics and Turf Wars: A Leadership Fable About Destroying the Barriers That Turn Colleagues Into Competitors (J-B Lencioni Series)",Patrick Lencioni,"Lencioni, Patrick",,"=""0787976385""","=""9780787976385""",5,4.05,Jossey-Bass,Hardcover,224,2006,2006,2013/08/03,2013/07/29,,,read,,,,1,0
11085108,2:46: Aftershocks: Stories from the Japan Earthquake,Jake Adelstein,"Adelstein, Jake","William Gibson, Yoko Ono, Barry Eisler","=""""","=""""",0,3.66,,Kindle Edition,93,2011,2011,,2012/07/26,"books-i-own, to-read","books-i-own (#121), to-read (#233)",to-read,,,,0,1
15731961,"The Bond Villain MBA Vol. 1: Casino Royale, Goldfinger, Moonraker, A View To A Kill and More",Kevin Patrick Leech,"Leech, Kevin Patrick",,"=""""","=""""",0,3.67,Kevin Patrick Leech,Kindle Edition,38,2012,2012,,2012/07/01,"books-i-own, to-read","books-i-own (#115), to-read (#232)",to-read,,,,0,1
916260,Proverbs for Business,Steve Marr,"Marr, Steve",,"=""080078751X""","=""9780800787516""",0,4.16,Revell,Mass Market Paperback,256,2006,2006,,2011/08/26,"books-i-own, to-read","books-i-own (#32), to-read (#231)",to-read,,,,0,1
42861,Leading at a Higher Level: Blanchard on Leadership and Creating High Performing Organizations,Kenneth H. Blanchard,"Blanchard, Kenneth H.","Eunice Parisi-Carew, Don Carew, Marjorie Blanchard, Scott Blanchard","=""0132347725""","=""9780132347723""",0,4.02,Ft Pr,Hardcover,355,2007,2006,,2012/08/27,"books-i-own, to-read","books-i-own (#123), to-read (#230)",to-read,,,,0,1
21343,The Five Dysfunctions of a Team,Patrick Lencioni,"Lencioni, Patrick",,"=""0787960756""","=""9780787960759""",0,4.11,FisicalBook,Paperback,228,2011,2002,,2013/07/26,to-read,to-read (#229),to-read,,,,0,0
13431827,"The Remaining (The Remaining, #1)",D.J. Molles,"Molles, D.J.",,"=""""","=""""",0,4.10,,Kindle Edition,220,2012,2012,,2013/06/18,to-read,to-read (#228),to-read,,,,0,0
8732853,Working Together: Why Great Partnerships Succeed,Michael D. Eisner,"Eisner, Michael D.",Aaron R. Cohen,"=""0061732362""","=""9780061732362""",0,3.55,Harper Business,Hardcover,304,2010,2010,,2011/11/18,to-read,to-read (#105),to-read,,,,0,0
5865386,When God Writes Your Love Story: The Ultimate Guide to Guy/Girl Relationships,Eric Ludy,"Ludy, Eric",Leslie Ludy,"=""1601421656""","=""9781601421654""",5,4.06,Multnomah,Paperback,304,2009,1994,2009/01/01,2011/08/01,books-i-own,books-i-own (#11),read,,,,1,1
1852,The Call of the Wild,Jack London,"London, Jack",Avi,"=""""","=""""",5,3.91,Scholastic,Mass Market Paperback,172,2001,1903,,2013/05/02,,,read,,,,1,0
38105,Encouraging the Heart: A Leader's Guide to Rewarding and Recognizing Others,James M. Kouzes,"Kouzes, James M.",Barry Z. Posner,"=""0787964638""","=""9780787964634""",0,3.86,Jossey-Bass,Paperback,240,2003,1999,,2012/07/26,"books-i-own, to-read","books-i-own (#120), to-read (#227)",to-read,,,,1,1
3106266,Boys Will Be Boys: The Glory Days and Party Nights of the Dallas Cowboys Dynasty,Jeff Pearlman,"Pearlman, Jeff",,"=""0061256803""","=""9780061256806""",0,4.09,Harper,Hardcover,406,2008,2008,,2012/07/13,to-read,to-read (#226),to-read,,,,0,0
49232,Acres of Diamonds,Russell H. Conwell,"Conwell, Russell H.",,"=""1600960766""","=""9781600960765""",0,4.18,Waking Lion Press,Paperback,68,2006,1915,,2012/04/20,to-read,to-read (#225),to-read,,,,0,0
6125225,Peaks and Valleys: Making Good And Bad Times Work For You--At Work And In Life,Spencer Johnson,"Johnson, Spencer",,"=""1439103259""","=""9781439103258""",0,4.04,Atria Books,Paperback,112,2009,2009,,2013/03/24,to-read,to-read (#224),to-read,,,,0,0
12217637,212 Service: The 10 Rules for Creating a Service Culture,Mac Anderson,"Anderson, Mac",,"=""1608101274""","=""9781608101276""",5,4.00,Simple Truths,Hardcover,109,2011,2011,2013/03/26,2013/03/26,,,read,,,,1,1
282008,Power of Six Sigma,Subir Chowdhury,"Chowdhury, Subir",,"=""0793144345""","=""9780793144341""",5,3.50,Kaplan Publishing,Hardcover,144,2001,2001,2013/03/23,2012/07/27,,,read,,,,1,0
96600,The Big Moo: Stop Trying to Be Perfect and Start Being Remarkable,The Group of 33,"33, The Group of",Seth Godin,"=""1591841038""","=""9781591841036""",4,3.83,Portfolio,Hardcover,208,2005,2005,2013/01/14,2013/01/04,books-i-own,books-i-own (#124),read,,,,1,1
373042,The Nun and the Bureaucrat: How They Found an Unlikely Cure for America's Sick Hospitals,Louis M. Savary,"Savary, Louis M.",Clare Crawford-Mason,"=""097794610X""","=""9780977946105""",0,3.17,Cc-M Productions Inc,Paperback,243,2006,2006,,2012/12/13,to-read,to-read (#223),to-read,,,,0,0
8459145,Habit: The 95% of Behavior Marketers Ignore (paperback),Neale Martin,"Martin, Neale",,"=""013707011X""","=""9780137070114""",0,3.98,FT Press,Paperback,191,2008,2008,,2011/12/19,"to-read, books-i-own","to-read (#138), books-i-own (#83)",to-read,,,,0,1
210577,The Inspirational Study Bible: Life Lessons from the Inspired Word of God -New King James Version,Max Lucado,"Lucado, Max",Anonymous,"=""0849951232""","=""9780849951237""",0,4.76,Word Bibles,Hardcover,1560,1995,1995,,2011/08/01,"books-i-own, to-read","books-i-own (#27), to-read (#172)",to-read,,,,0,1
2618,The Innovator's Solut!on: Creating and Sustaining Successful Growth,Clayton M. Christensen,"Christensen, Clayton M.",Michael E. Raynor,"=""1578518520""","=""9781578518524""",0,4.06,Harvard Business School Press,Hardcover,304,2003,2003,,2012/10/09,to-read,to-read (#222),to-read,,,,0,0
2615,The Innovator's Dilemma: The Revolutionary Book that Will Change the Way You Do Business,Clayton M. Christensen,"Christensen, Clayton M.",,"=""0060521996""","=""9780060521998""",0,4.04,Collins,Paperback,320,2003,1997,,2012/10/09,to-read,to-read (#221),to-read,,,,0,0
8705453,Lead with LUV: A Different Way to Create Real Success,Kenneth H. Blanchard,"Blanchard, Kenneth H.",Colleen Barrett,"=""0137039743""","=""9780137039746""",5,3.99,Pearson P T R,Hardcover,158,2010,2010,2012/08/24,2012/08/13,books-i-own,books-i-own (#122),read,,,,1,1
8982042,Politics - According to the Bible: A Comprehensive Resource for Understanding Modern Political Issues in Light of Scripture,Wayne Grudem,"Grudem, Wayne",,"=""0310330297""","=""9780310330295""",0,3.86,Zondervan,Hardcover,624,2010,2010,,2012/08/15,to-read,to-read (#220),to-read,,,,0,0
263429,700 Sundays,Billy Crystal,"Crystal, Billy",,"=""0446698512""","=""9780446698511""",0,4.06,Grand Central Publishing,Paperback,192,2006,2005,,2012/08/10,to-read,to-read (#219),to-read,,,,0,0
49021,The Case for Christ: A Journalist's Personal Investigation of the Evidence for Jesus,Lee Strobel,"Strobel, Lee",,"=""0310209307""","=""9780310209300""",5,4.23,Zondervan,Paperback,297,1998,1998,2008/01/01,2011/08/01,books-i-own,books-i-own (#19),read,,,,1,1
558977,"Leadership by the Book: Tools to Transform Your Workplace – An Inspiring Parable on Management, Faith, and Ethics for Business and Community Leaders",Kenneth H. Blanchard,"Blanchard, Kenneth H.","Bill Hybels, Phil Hodges","=""0688172393""","=""9780688172398""",0,3.87,William Morrow,Hardcover,208,1999,1999,,2012/07/27,to-read,to-read (#217),to-read,,,,0,0
559013,The One Minute Manager Meets The Monkey,Kenneth H. Blanchard,"Blanchard, Kenneth H.","William Oncken Jr., Hal Burrows","=""0688067670""","=""9780688067670""",0,4.03,William Morrow,Hardcover,137,1989,1989,,2012/07/27,to-read,to-read (#218),to-read,,,,0,0
183396,The 360 Degree Leader: Developing Your Influence from Anywhere in the Organization,John C. Maxwell,"Maxwell, John C.",,"=""0785260927""","=""9780785260929""",0,4.15,Harpercollins Leadership,Hardcover,313,2006,2005,,2012/07/27,to-read,to-read (#216),to-read,,,,0,0
462932,Winnie-the-Pooh on Management: In which a Very Important Bear and his friends are introduced to a Very...,Roger E. Allen,"Allen, Roger E.",,"=""0525938982""","=""9780525938989""",0,3.59,Dutton Adult,Hardcover,176,1994,1994,,2012/07/27,to-read,to-read (#215),to-read,,,,0,0
1750398,Mission Possible: Becoming a World-Class Organization While There's Still Time,Kenneth H. Blanchard,"Blanchard, Kenneth H.","Terry Waghorn, Jim Ballard","=""0070059403""","=""9780070059405""",0,3.42,McGraw-Hill,Hardcover,,1996,1996,,2012/07/27,to-read,to-read (#214),to-read,,,,0,0
2922678,"Donny Deutsch's Big Idea: How To Make Your Entrepreneurial Dreams Come True, From The AHA Moment To Your First Million",Donny Deutsch,"Deutsch, Donny",Catherine Whitney,"=""1401323219""","=""9781401323219""",0,3.60,Hyperion,Hardcover,272,2009,2008,,2012/07/27,to-read,to-read (#214),to-read,,,,0,0
42866,The Little Book of Coaching: Motivating People to Be Winners,Kenneth H. Blanchard,"Blanchard, Kenneth H.",Don Shula,"=""0066621038""","=""9780066621036""",0,3.62,Harper Business,Hardcover,128,2001,2001,,2012/07/27,to-read,to-read (#213),to-read,,,,0,0
89944,"Creating Wealth: Retire in Ten Years Using Allen's Seven Principles of Wealth, Revised and Updated",Robert G. Allen,"Allen, Robert G.",,"=""0743277252""","=""9780743277259""",0,3.92,Free Press,Hardcover,272,2006,1983,,2012/07/27,to-read,to-read (#212),to-read,,,,0,0
3228917,Outliers: The Story of Success,Malcolm Gladwell,"Gladwell, Malcolm",,"=""0316017922""","=""9780316017923""",5,4.19,"Little, Brown and Company",Hardcover,309,2008,2008,2012/07/25,2011/08/01,books-i-own,books-i-own (#105),read,I feel bittersweet right now...I'm happy to have another book completed...but sad that it's over!,,,1,1
1377865,Days of Darkness: The Feuds of Eastern Kentucky,John Ed Pearce,"Pearce, John Ed",,"=""0813118743""","=""9780813118741""",0,3.58,University Press of Kentucky,Hardcover,252,1994,1994,,2012/07/25,to-read,to-read (#211),to-read,,,,0,0
56360,"Unequal Childhoods: Class, Race, and Family Life",Annette Lareau,"Lareau, Annette",,"=""0520239504""","=""9780520239500""",0,4.16,University of California Press,Paperback,343,2003,2003,,2012/07/25,to-read,to-read (#210),to-read,,,,0,0
9037,Historians' Fallacies: Toward a Logic of Historical Thought,David Hackett Fischer,"Fischer, David Hackett",,"=""0061315451""","=""9780061315459""",0,3.85,"Harper & Row, Publishers",Perfect Paperback,338,1970,1970,,2012/07/23,to-read,to-read (#209),to-read,,,,0,0
32080,Paul Revere's Ride,David Hackett Fischer,"Fischer, David Hackett",,"=""0195098315""","=""9780195098310""",0,4.14,Oxford University Press,Paperback,445,1995,1861,,2012/07/23,to-read,to-read (#208),to-read,,,,0,0
32081,"Albion's Seed: Four British Folkways in America (America: A Cultural History, Vol. I)",David Hackett Fischer,"Fischer, David Hackett",,"=""0195069056""","=""9780195069051""",0,4.37,Oxford University Press,Paperback,946,1989,1989,,2012/07/23,to-read,to-read (#207),to-read,,,,0,0
6085478,The Happiest Man: The Life of Louis Borgenicht,Harold Friedman,"Friedman, Harold",,"=""""","=""""",0,3.86,"New York, G.P. Putnam's sons [1942]",,,,,,2012/07/23,to-read,to-read (#206),to-read,,,,0,0
12993036,A Lean Marketing Revolution: Timeless Know-How Princples,John J. Errigo,"Errigo, John J.",,"=""0615493637""","=""""",0,3.22,,,,,2011,,2011/12/20,"to-read, books-i-own","to-read (#151), books-i-own (#92)",to-read,,,,0,1
12269281,Game Theory 101: The Basics,William Spaniel,"Spaniel, William",,"=""""","=""""",0,3.49,,Kindle Edition,139,,2011,,2012/03/22,"books-i-own, to-read","books-i-own (#106), to-read (#205)",to-read,,,,0,1
15744309,Applied Income Model,Leland Benton,"Benton, Leland",,"=""""","=""""",3,3.00,Dr. Leland Benton,Kindle Edition,25,2012,2012,2012/07/09,2012/07/09,books-i-own,books-i-own (#117),read,,,,1,1
15742806,10 Credit Repair Tips,Scott Thomas,"Thomas, Scott",,"=""""","=""""",3,3.48,Credit Publishing,Kindle Edition,13,2011,2011,2012/07/08,2012/07/08,books-i-own,books-i-own (#116),read,"Very basic. But it was free. Book is really a primer to get the author's other book, which presumably isn't free.",,,1,1
56501,Raving Fans: A Revolutionary Approach to Customer Service,Ken Blanchard,"Blanchard, Ken","Sheldon Bowles, Harvey MacKay","=""0688123163""","=""9780688123161""",5,3.85,William Morrow,Hardcover,137,1993,1992,2012/07/06,2012/03/19,books-i-own,books-i-own (#103),read,Loved this book. Glad I bought it!,,,1,1
1104998,Snake,Ken Stabler,"Stabler, Ken",,"=""0441771947""","=""9780441771943""",0,3.82,Charter,Paperback,287,1987,1986,,2012/07/06,to-read,to-read (#204),to-read,,,,0,0
11967561,iPhone Artistry,Dan Burkholder,"Burkholder, Dan",,"=""1454701277""","=""9781454701279""",0,3.27,Pixiq,Paperback,144,2012,2011,,2012/07/02,to-read,to-read (#203),to-read,,,,0,0
6506080,Who Killed Change?,Kenneth H. Blanchard,"Blanchard, Kenneth H.",,"=""0061778931""","=""9780061778933""",0,3.58,William Morrow,Hardcover,143,2009,2009,,2012/07/01,to-read,to-read (#202),to-read,,,,0,0
46804,Cut to the Chase: and 99 Other Rules to Liberate Yourself and Gain Back the Gift of Time,Stuart R. Levine,"Levine, Stuart R.",,"=""0385516207""","=""9780385516204""",4,3.82,Crown Business,Hardcover,224,2006,2006,2012/06/29,2012/06/12,,,read,"Very quick read, I enjoyed it! Very practical advice.",,,1,1
9580241,Produced by Faith: Enjoy Real Success without Losing Your True Self,DeVon Franklin,"Franklin, DeVon",Tim Vandehey,"=""1439171033""","=""9781439171035""",0,4.21,Howard Books,Hardcover,256,2011,2011,,2012/06/29,to-read,to-read (#201),to-read,,,,0,0
13058708,"Fat Power: ""I went from a Personal Trainer to a Former Employee and then to a Creditor when The Corrupt Bally Total Fitness Filed for Bankruptcy - but I Still Bench Pressed them!""",Nell Bly,"Bly, Nell",,"=""""","=""""",2,2.00,,Kindle Edition,,,2011,2012/04/16,2011/11/14,books-i-own,books-i-own (#1),read,,,,1,1
7285601,"The Hunger Games (The Hunger Games, #1)",Suzanne Collins,"Collins, Suzanne",,"=""0439023521""","=""9780439023528""",0,4.35,Scholastic Inc.,Paperback,374,2010,2008,,2011/11/18,"books-i-own, to-read","books-i-own (#71), to-read (#200)",to-read,,,,0,1
2774304,50 Management Ideas You Really Need to Know,Edward Russell-Walling,"Russell-Walling, Edward",,"=""1847240097""","=""9781847240095""",0,3.65,Quercus,Hardcover,208,2008,2007,,2011/08/01,"books-i-own, to-read","books-i-own (#42), to-read (#199)",to-read,,,,0,1
15704458,"Steelheart (Reckoners, #1)",Brandon Sanderson,"Sanderson, Brandon",,"=""1299859291""","=""9781299859296""",0,4.14,Delacorte Press,ebook,361,2013,2013,,2012/06/24,to-read,to-read (#198),to-read,,,,0,0
769443,Selling the Invisible: A Field Guide to Modern Marketing,Harry Beckwith,"Beckwith, Harry",,"=""0446520942""","=""9780446520942""",0,3.94,Business Plus,Hardcover,252,1997,1997,,2012/06/24,to-read,to-read (#197),to-read,,,,0,0
190445,The Interpretation of Financial Statements,Benjamin Graham,"Graham, Benjamin","Spencer B. Meredith, Michael F. Price","=""0887309135""","=""9780887309137""",0,4.04,Harper Business,Hardcover,144,1998,1955,,2012/06/24,to-read,to-read (#196),to-read,,,,0,0
13723947,Timeline,David Wailing,"Wailing, David",,"=""""","=""""",5,3.81,David Wailing,Kindle Edition,29,2012,2012,2012/06/21,2012/06/20,books-i-own,books-i-own (#112),read,,,,1,1
13631798,Killer History: Why do the leave all the fun stuff out of the history books?,Marek McKenna,"McKenna, Marek",,"=""0985048204""","=""9780985048204""",5,3.36,"Edna Brady Enterprises, LLC",Paperback,154,2012,2012,2012/06/15,2012/06/14,books-i-own,books-i-own (#110),read,There's a lot of crazy stuff in this book!,,,1,1
69242,Made to Stick: Why Some Ideas Survive and Others Die,Chip Heath,"Heath, Chip",Dan Heath,"=""1400064287""","=""9781400064281""",0,3.98,Random House,Hardcover,291,2007,2006,,2012/06/15,to-read,to-read (#195),to-read,,,,0,0
37875,"The Art of the Start: The Time-Tested, Battle-Hardened Guide for Anyone Starting Anything",Guy Kawasaki,"Kawasaki, Guy",,"=""1591840562""","=""9781591840565""",0,3.90,Portfolio,Paperback,226,2004,2004,,2012/06/15,to-read,to-read (#194),to-read,,,,0,0
359994,"Gods and Kings (Chronicles of the Kings, #1)",Lynn Austin,"Austin, Lynn",,"=""0764229893""","=""9780764229893""",5,4.34,Bethany House Publishers,Paperback,317,2005,1995,2012/06/08,2012/06/06,books-i-own,books-i-own (#109),read,LOVED this book...got it for free on Kindle. It's the 1st of 5 and I'll be getting the 2nd one. Also it makes me want to read the scriptures concerning Ahaz and Hezekiah more. It's interesting to read some prophecies of Isaiah in the books and to recall them from scripture. Very cool indeed.,,,1,1
10148723,How to Sell Brilliantly in Good Times and Bad,Nicholas Bate,"Bate, Nicholas",,"=""1906821585""","=""9781906821586""",0,3.47,Infinite Ideas,Paperback,168,2010,2010,,2012/04/07,"books-i-own, to-read","books-i-own (#108), to-read (#192)",to-read,,,,0,1
10580945,"The Little Book of Valuation: How to Value a Company, Pick a Stock and Profit",Aswath Damodaran,"Damodaran, Aswath",,"=""1118004779""","=""9781118004777""",0,3.97,Wiley,Hardcover,256,2011,2011,,2011/11/18,to-read,to-read (#109),to-read,,,,0,0
114737,"It's Not How Good You Are, It's How Good You Want To Be",Paul Arden,"Arden, Paul",,"=""0714843377""","=""9780714843377""",3,3.62,Phaidon Press,Paperback,128,2007,2003,2012/04/26,2012/04/25,,,read,,,,1,1
808025,Top Performance: How to Develop Excellence in Yourself and Others,Zig Ziglar,"Ziglar, Zig",,"=""0800718283""","=""9780800718282""",0,4.16,Fleming H Revell Co,Hardcover,256,2003,,,2012/04/16,to-read,to-read (#191),to-read,,,,0,0
1171432,"Green Weenies and Due Diligence: Insider Business Jargon-Raw, Serious and Sometimes Funny",Ron Sturgeon,"Sturgeon, Ron",,"=""0971703116""","=""9780971703117""",0,4.25,M. French Pub.,Hardcover,314,2005,2005,,2012/04/16,to-read,to-read (#190),to-read,,,,0,0
43536,Wooden: A Lifetime of Observations and Reflections On and Off the Court,John Wooden,"Wooden, John",Steve Jamison,"=""0809230410""","=""9780809230419""",0,4.46,McGraw-Hill,Hardcover,201,1997,1997,,2012/04/16,to-read,to-read (#189),to-read,,,,0,0
39207,"Jesus, Entrepreneur: Using Ancient Wisdom to Launch and Live Your Dreams",Laurie Beth Jones,"Jones, Laurie Beth",,"=""0609808788""","=""9780609808788""",0,4.14,Currency,Paperback,288,2002,2002,,2012/04/16,to-read,to-read (#188),to-read,,,,0,0
1108085,Drive: The Story of My Life,Larry Bird,"Bird, Larry",,"=""0385249217""","=""9780385249218""",0,4.07,Doubleday,Hardcover,259,1989,1989,,2012/04/16,to-read,to-read (#188),to-read,,,,0,0
9356397,Unknown Book 9356397,Unknown Author 396,"396, Unknown Author",,"=""""","=""""",0,0.0,,Unknown Binding,,,,2012/01/16,2011/08/02,,,read,,,,1,1
170490,17 Essential Qualities of a Team Player: Becoming the Kind of Person Every Team Wants,John C. Maxwell,"Maxwell, John C.",,"=""0785288813""","=""9780785288817""",4,4.05,HarperCollins Leadership,Hardcover,156,2006,,2012/04/16,2012/03/28,books-i-own,books-i-own (#107),read,,,,1,1
2310805,Encouragement Changes Everything: Bless and Be Blessed,John C. Maxwell,"Maxwell, John C.",,"=""1404104232""","=""9781404104235""",0,4.24,Thomas Nelson Inc,Hardcover,128,2008,,,2012/03/28,to-read,to-read (#187),to-read,,,,0,0
11225698,The 5 Levels of Leadership: Proven Steps to Maximize Your Potential,John C. Maxwell,"Maxwell, John C.",,"=""159995365X""","=""9781599953656""",0,4.29,Center Street,Hardcover,304,2011,,,2012/03/28,to-read,to-read (#186),to-read,,,,0,0
5985529,Put Your Dream to the Test: 10 Questions That Will Help You See It and Seize It,John C. Maxwell,"Maxwell, John C.",,"=""0785214127""","=""9780785214120""",0,4.26,Thomas Nelson Inc,Hardcover,234,2009,,,2012/03/28,to-read,to-read (#184),to-read,,,,0,0
19843,Relationships 101,John C. Maxwell,"Maxwell, John C.",,"=""0785263519""","=""9780785263517""",0,4.22,HarperCollins Leadership,Hardcover,112,2004,2014,,2012/03/28,to-read,to-read (#183),to-read,,,,0,0
2438535,Leadership Gold: Lessons I've Learned from a Lifetime of Leading,John C. Maxwell,"Maxwell, John C.",,"=""0785214119""","=""9780785214113""",0,4.29,HarperCollins Leadership,Hardcover,272,2008,2008,,2012/03/28,to-read,to-read (#182),to-read,,,,0,0
19848,Running with the Giants: What the Old Testament Heroes Want You to Know About Life and Leadership (Giants of the Bible),John C. Maxwell,"Maxwell, John C.",,"=""0446530697""","=""9780446530699""",0,4.07,FaithWords,Hardcover,160,2002,,,2012/03/28,to-read,to-read (#181),to-read,,,,0,0
1253,Leadership 101: What Every Leader Needs to Know,John C. Maxwell,"Maxwell, John C.",,"=""0785264191""","=""9780785264194""",0,4.13,HarperCollins Leadership,Hardcover,110,2002,,,2012/03/28,to-read,to-read (#180),to-read,,,,0,0
815716,The 21 Irrefutable Laws of Leadership: Follow Them and People Will Follow You,John C. Maxwell,"Maxwell, John C.",Zig Ziglar,"=""0785274316""","=""9780785274315""",0,4.16,Thomas Nelson Inc,Hardcover,160,1998,1998,,2012/03/28,to-read,to-read (#179),to-read,,,,0,0
183554,Developing the Leader Within You,John C. Maxwell,"Maxwell, John C.",,"=""0785281126""","=""9780785281122""",0,4.22,Thomas Nelson Inc,Paperback,224,2005,1993,,2012/03/28,to-read,to-read (#178),to-read,,,,0,0
628070,Failing Forward: Turning Mistakes Into Stepping Stones for Success,John C. Maxwell,"Maxwell, John C.",,"=""0785274308""","=""9780785274308""",0,4.18,Thomas Nelson Inc,Hardcover,209,2000,1982,,2012/03/28,to-read,to-read (#177),to-read,,,,0,0
96563,"You Don't Need a Title to Be a Leader: How Anyone, Anywhere, Can Make a Positive Difference",Mark Sanborn,"Sanborn, Mark",,"=""0385517475""","=""9780385517478""",0,3.97,Crown Currency,Hardcover,128,2006,2006,,2012/03/28,to-read,to-read (#176),to-read,,,,0,0
869003,Gung Ho! Turn On the People in Any Organization,Kenneth H. Blanchard,"Blanchard, Kenneth H.",,"=""068815428X""","=""9780688154288""",0,3.94,William Morrow,Hardcover,187,1997,1996,,2012/03/28,to-read,to-read (#175),to-read,,,,0,0
641604,Purple Cow: Transform Your Business by Being Remarkable,Seth Godin,"Godin, Seth",,"=""159184021X""","=""9781591840213""",5,3.78,Portfolio,Hardcover,145,2003,,2012/03/25,2011/09/30,books-i-own,books-i-own (#102),read,Love this book...quick and informative. I'll be reading more of Godin's books...,,,1,1
204913,The Seven Laws of the Learner: How to Teach Almost Anything to Practically Anyone,Bruce H. Wilkinson,"Wilkinson, Bruce H.",,"=""1590524527""","=""9781590524527""",0,4.32,Multnomah,Hardcover,504,2005,1983,,2012/03/28,to-read,to-read (#174),to-read,,,,0,0
82328,Amplified Bible,Anonymous,"Anonymous, Anonymous",,"=""0310951410""","=""9780310951414""",0,4.70,Zondervan Publishing,Paperback,1728,2001,1965,,2011/08/01,"books-i-own, to-read","books-i-own (#4), to-read (#171)",to-read,,,,0,1
56452,"Now, Discover Your Strengths: The revolutionary Gallup program that shows you how to develop your unique talents and strengths",Gallup,"Gallup, Gallup",,"=""0743201140""","=""9780743201148""",0,3.97,Gallup Press,Hardcover,320,2020,2001,,2012/03/19,to-read,to-read (#170),to-read,,,,0,0
12503,Why My Wife Thinks I'm an Idiot: The Life and Times of a Sportscaster Dad,Mike Greenberg,"Greenberg, Mike",,"=""1400064384""","=""9781400064380""",0,3.60,Villard,Hardcover,222,2006,2006,,2012/03/19,to-read,to-read (#169),to-read,,,,0,0
1760684,Winning with People: Discover the People Principles that Work for You Every Time,John C. Maxwell,"Maxwell, John C.",,"=""0785260897""","=""9780785260899""",0,4.27,Thomas Nelson Inc,Hardcover,275,2005,2005,,2012/03/19,"books-i-own, to-read","books-i-own (#104), to-read (#166)",to-read,,,,0,1
18699,My Life,Bill Clinton,"Clinton, Bill",,"=""0375414576""","=""9780375414572""",0,3.74,Knopf,Hardcover,1008,2004,2004,,2012/03/19,to-read,to-read (#167),to-read,,,,0,0
76865,Good to Great: Why Some Companies Make the Leap... and Others Don't,Jim Collins,"Collins, Jim",,"=""0066620996""","=""9780066620992""",0,4.12,Harper Business,Hardcover,300,2001,2001,,2012/03/19,to-read,to-read (#166),to-read,,,,0,0
778650,How to Become a Rainmaker: The Rules for Getting and Keeping Customers and Clients,Jeffrey J. Fox,"Fox, Jeffrey J.",,"=""0786865954""","=""9780786865956""",0,3.88,Grand Central Publishing,Hardcover,192,2000,2000,,2012/03/19,to-read,to-read (#165),to-read,,,,0,0
206309,Fish: A Proven Way to Boost Morale and Improve Results,Stephen C. Lundin,"Lundin, Stephen C.","Harry Paul, John Christensen, Ken Blanchard","=""0786866020""","=""9780786866021""",0,3.92,Hyperion,Hardcover,112,2000,1996,,2012/03/19,to-read,to-read (#165),to-read,,,,0,0
44939,Cracking the Millionaire Code: Your Key to Enlightened Wealth,Mark Victor Hansen,"Hansen, Mark Victor",Robert G. Allen,"=""1400082943""","=""9781400082940""",0,3.55,Crown Business,Hardcover,320,2005,2004,,2012/03/25,to-read,to-read (#164),to-read,,,,0,0
10368067,Poke the Box,Seth Godin,"Godin, Seth",,"=""1936719002""","=""9781936719006""",0,3.77,"Do You Zoom, Inc.",Hardcover,85,2011,2011,,2012/03/20,to-read,to-read (#163),to-read,,,,0,0
154959,"Small Is the New Big: and 183 Other Riffs, Rants, and Remarkable Business Ideas",Seth Godin,"Godin, Seth",,"=""1591841267""","=""9781591841265""",0,3.82,Portfolio,Hardcover,352,2006,2006,,2012/03/20,to-read,to-read (#163),to-read,,,,0,0
685401,Permission Marketing: Turning Strangers into Friends and Friends into Customers,Seth Godin,"Godin, Seth",,"=""0684856360""","=""9780684856360""",0,3.92,Simon & Schuster,Hardcover,256,1999,2014,,2012/03/20,to-read,to-read (#163),to-read,,,,0,0
2613,Unleashing the Ideavirus: Stop Marketing AT People! Turn Your Ideas into Epidemics by Helping Your Customers Do the Marketing thing for You.,Seth Godin,"Godin, Seth",Malcolm Gladwell,"=""0786887176""","=""9780786887170""",0,3.93,Grand Central Publishing,Paperback,234,2001,2000,,2012/03/20,"to-read, books-i-own","to-read (#163), books-i-own (#119)",to-read,,,,0,1
608686,Discipleshape: Twelve Weeks to Spiritual Fitness,Dan R. Crawford,"Crawford, Dan R.",,"=""1565633709""","=""9781565633704""",0,3.50,Hendrickson Pub,Hardcover,251,1998,1998,,2011/12/28,"books-i-own, to-read","books-i-own (#100), to-read (#162)",to-read,,,,0,1
13287570,4 Grams: The True Story of Spending Time in An American Prison for Selling Marijuana,Van Skordal,"Skordal, Van",,"=""""","=""""",3,3.55,,,22,,2011,2012/01/07,2012/01/23,books-i-own,books-i-own (#101),read,,,,1,1
13121923,"Winning: From Walk-On to Captain, in Football and Life",Gary Brackett,"Brackett, Gary",Tony Dungy,"=""1578605199""","=""9781578605194""",0,4.00,Clerisy Press,Hardcover,224,2011,2011,,2012/01/30,to-read,to-read (#161),to-read,,,,0,0
3277697,Ten Powerful Phrases for Positive People,Rich DeVos,"DeVos, Rich",,"=""1599950987""","=""9781599950983""",0,4.06,Center Street,Hardcover,192,2008,2008,,2011/12/24,to-read,to-read (#160),to-read,,,,0,0
10532869,"The Zappos Experience: 5 Principles to Inspire, Engage, and WOW",Joseph A. Michelli,"Michelli, Joseph A.",,"=""0071749586""","=""9780071749589""",0,3.96,McGraw Hill,Hardcover,320,2011,2011,,2011/12/24,to-read,to-read (#159),to-read,,,,0,0
52354,Firms of Endearment: How World-Class Companies Profit from Passion and Purpose,David B. Wolfe,"Wolfe, David B.","Jagdish N. Sheth, Rajendra Sisodia","=""0131873725""","=""9780131873728""",0,3.90,Ft Pr,Hardcover,284,2007,2003,,2011/12/20,"to-read, books-i-own","to-read (#157), books-i-own (#98)",to-read,,,,0,1
11214529,The Open Innovation Marketplace: Creating Value in the Challenge Driven Enterprise,Alpheus Bingham,"Bingham, Alpheus",Dwayne Spradlin,"=""0132311836""","=""9780132311830""",0,4.00,Ft Pr,Hardcover,242,2011,2011,,2011/12/20,"to-read, books-i-own","to-read (#158), books-i-own (#99)",to-read,,,,0,1
13144562,Networking: Work Your Contacts to Supercharge Your Career,Nicholas    King,"King, Nicholas",,"=""1908189177""","=""9781908189172""",0,3.15,Infinite Ideas,Kindle Edition,256,2008,2008,,2011/12/20,"to-read, books-i-own","to-read (#156), books-i-own (#97)",to-read,,,,0,1
13144564,Cultivate a Cool Career,Ken Langdon,"Langdon, Ken",,"=""""","=""""",0,3.19,Infinite Ideas,Kindle Edition,272,2007,2005,,2011/12/20,"to-read, books-i-own","to-read (#155), books-i-own (#96)",to-read,,,,0,1
12666451,The Lazy Winner,Peter         Taylor,"Taylor, Peter",,"=""1908189746""","=""9781908189745""",0,3.35,Infinite Ideas,Kindle Edition,160,2011,2011,,2011/12/20,"books-i-own, to-read","books-i-own (#95), to-read (#154)",to-read,,,,0,1
9058280,"iPad Publishing Guide: Write, Publish and Sell Your Book on the Apple iPad with Fastpencil",Michael       Ashley,"Ashley, Michael",,"=""1607464713""","=""9781607464716""",0,3.42,Fast Pencil,Kindle Edition,84,2010,2010,,2011/12/20,"books-i-own, to-read","books-i-own (#94), to-read (#153)",to-read,,,,0,1
11725147,"Up To Date Business Including Lessons in Banking, Exchange, Business Geography, Finance, Transportation and Commercial Law Home Study Circle Library Series (Volume II.)",Seymour Eaton,"Eaton, Seymour",,"=""""","=""""",0,3.36,,Kindle Edition,353,,1900,,2011/12/20,"to-read, books-i-own","to-read (#152), books-i-own (#93)",to-read,,,,0,1
10981859,Napoleon Hill's Hidden Secret In Think And Grow Rich: Why This Law Of Success Principle Proves The Master Keys To Success,Gary Vurnum,"Vurnum, Gary",,"=""""","=""""",0,3.95,,Kindle Edition,14,,2011,,2011/12/19,"to-read, books-i-own","to-read (#150), books-i-own (#91)",to-read,,,,0,1
11991130,"To the Stars (Harry Irons, #1)",Thomas C. Stone,"Stone, Thomas C.",,"=""""","=""""",0,3.73,Cooper's Press,Kindle Edition,506,2010,2010,,2011/12/19,"to-read, books-i-own","to-read (#143), books-i-own (#88)",to-read,,,,0,1
12102228,Re:union,Eric Liu,"Liu, Eric",,"=""""","=""""",0,2.95,Amazon Digital Services,Kindle Edition,17,2011,2011,,2011/12/19,"to-read, books-i-own","to-read (#144), books-i-own (#89)",to-read,,,,0,1
11805614,Shadow of Death,Patricia Gussin,"Gussin, Patricia",,"=""""","=""""",0,3.65,,Kindle Edition,362,,2006,,2011/12/19,"to-read, books-i-own","to-read (#142), books-i-own (#87)",to-read,,,,0,1
13149323,Be your own best life coach (52 Brilliant Ideas),Jackee Holder,"Holder, Jackee",,"=""1908189371""","=""9781908189370""",0,3.23,Infinite Ideas,Kindle Edition,256,2008,2008,,2011/12/19,"to-read, books-i-own","to-read (#141), books-i-own (#86)",to-read,,,,0,1
12835823,Judgment,Fergus Bannon,"Bannon, Fergus",,"=""""","=""""",0,3.61,Brain In A Jar Books,Kindle Edition,288,2009,2009,,2011/12/19,"to-read, books-i-own","to-read (#140), books-i-own (#85)",to-read,,,,0,1
8587944,Goal Setting: Discover What You Want in Life and Achieve It Faster than You Think Possible,SelfMadeEasy.com,"SelfMadeEasy.com, SelfMadeEasy.com",,"=""""","=""""",0,3.45,,ebook,,,2009,,2011/12/19,"to-read, books-i-own","to-read (#139), books-i-own (#84)",to-read,,,,0,1
325557,I Surrender All: Rebuilding a Marriage Broken by Pornography,Clay Crosse,"Crosse, Clay","Renee Crosse, Mark A. Tabb, Neal McBride","=""1576837327""","=""9781576837320""",0,4.04,NavPress,Paperback,176,2005,1999,,2011/12/19,"to-read, books-i-own","to-read (#137), books-i-own (#82)",to-read,,,,0,1
12664470,Investing with Volume Analysis,Buff Pelz Dormeier,"Dormeier, Buff Pelz",,"=""""","=""""",0,3.62,FT Press,Kindle Edition,352,2011,2011,,2011/12/19,"to-read, books-i-own","to-read (#136), books-i-own (#81)",to-read,,,,0,1
12077539,Keeping it Real (estate),Kris Berg,"Berg, Kris",,"=""0984297774""","=""9780984297771""",0,0.0,Vook,Kindle Edition,72,2011,2010,,2011/12/19,"to-read, books-i-own","to-read (#135), books-i-own (#80)",to-read,,,,0,1
11017593,"Lord, Teach Us To Pray",Andrew Murray,"Murray, Andrew",,"=""""","=""""",0,4.25,,Kindle Edition,29,,2013,,2011/12/19,"to-read, books-i-own","to-read (#134), books-i-own (#79)",to-read,,,,0,1
12120118,Leadership: Unleashing Talent,Stephen R. Covey,"Covey, Stephen R.",,"=""1936792176""","=""""",0,3.33,Vook ,Kindle Edition,28,2011,2011,,2011/12/19,"to-read, books-i-own","to-read (#133), books-i-own (#78)",to-read,,,,0,1
310669,Sam Walton Story,Austin Teutsch,"Teutsch, Austin",,"=""042513783X""","=""9780425137833""",0,5.00,Berkley,Mass Market Paperback,231,1992,1992,,2011/11/16,to-read,to-read (#131),to-read,,,,0,0
12796771,"Awakening (Infinity Blade, #1)",Brandon Sanderson,"Sanderson, Brandon",,"=""""","=""""",5,3.83,ChAIR Entertainment Group,Kindle Edition,123,2011,2011,2011/12/04,2011/12/04,books-i-own,books-i-own (#77),read,,,,1,1
12619405,Infinity Blade for iOS: Video Game Guide (Enhanced),Vook,"Vook, Vook",,"=""""","=""""",0,5.00,,Kindle Edition,22,,2011,,2011/12/04,"books-i-own, to-read","books-i-own (#76), to-read (#130)",to-read,,,,0,1
11248907,Shaq Uncut: My Story,Shaquille O'Neal,"O'Neal, Shaquille",Jackie MacMullan,"=""1455504416""","=""9781455504411""",0,4.06,Grand Central Publishing,Hardcover,290,2011,2011,,2011/11/12,to-read,to-read (#82),to-read,,,,0,0
75889,The Little Book That Beats the Market (Little Books. Big Profits),Joel Greenblatt,"Greenblatt, Joel",Andrew Tobias,"=""0471733067""","=""9780471733065""",0,3.98,Wiley,Hardcover,176,2005,1999,,2011/11/20,"to-read, books-i-own","to-read (#129), books-i-own (#74)",to-read,,,,0,1
7505995,In God We Still Trust,Richard G. Lee,"Lee, Richard G.",,"=""1404114025""","=""9781404114029""",0,3.75,Thomas Nelson Inc,Paperback,96,2009,2009,,2011/11/20,"to-read, books-i-own","to-read (#129), books-i-own (#75)",to-read,,,,0,1
6577957,Write Now! How to Write That Novel--Today,Francine Saint Marie,"Marie, Francine Saint",,"=""""","=""""",0,3.32,,Kindle Edition,24,,2009,,2011/11/19,"to-read, books-i-own","to-read (#128), books-i-own (#72)",to-read,,,,0,1
49038,Darwin's Black Box: The Biochemical Challenge to Evolution,Michael J. Behe,"Behe, Michael J.",,"=""0743290313""","=""9780743290319""",0,3.79,Free Press,Paperback,329,2006,1996,,2011/11/19,to-read,to-read (#127),to-read,,,,0,0
2131238,Why is a Fly Not a Horse?,Giuseppe Sermonti,"Sermonti, Giuseppe","Brendan White, Jonathan Wells","=""0963865471""","=""9780963865472""",0,4.00,Discovery Institute,Paperback,176,2005,1999,,2011/11/19,to-read,to-read (#126),to-read,,,,0,0
3117336,"Yes, You're Pregnant, But What About Me?",Kevin Nealon,"Nealon, Kevin",,"=""0061215201""","=""9780061215209""",0,3.39,It Books,Hardcover,272,2008,2008,,2011/11/19,to-read,to-read (#125),to-read,,,,0,0
762464,Beating the Street,Peter Lynch,"Lynch, Peter",John Rothchild,"=""0671891634""","=""9780671891633""",0,4.11,Simon & Schuster,Paperback,336,1994,1992,,2011/11/19,to-read,to-read (#124),to-read,,,,0,0
4274735,"The 100 Best Business Books of All Time: What They Say, Why They Matter, and How They Can Help You",Jack Covert,"Covert, Jack",Todd Sattersten,"=""1591842409""","=""9781591842408""",0,4.04,Portfolio,Hardcover,335,2009,2009,,2011/11/19,to-read,to-read (#123),to-read,,,,0,0
4866,How to Stop Worrying and Start Living: Time-Tested Methods for Conquering Worry,Dale Carnegie,"Carnegie, Dale",,"=""0671035975""","=""9780671035976""",0,4.16,Gallery Books,Paperback,358,2004,1944,,2011/11/19,to-read,to-read (#122),to-read,,,,0,0
759945,The Magic of Thinking Big,David J. Schwartz,"Schwartz, David J.",,"=""0671646788""","=""9780671646783""",0,4.26,Touchstone,Paperback,238,1987,1959,,2011/11/19,to-read,to-read (#120),to-read,,,,0,0
272935,Sales Dogs: You Do Not Have to Be an Attack Dog to Be Successful in Sales (Rich Dad's Advisors),Blair Singer,"Singer, Blair",Robert T. Kiyosaki,"=""0446678333""","=""9780446678339""",0,3.92,Warner Business Books,Paperback,234,2001,2001,,2011/11/19,to-read,to-read (#121),to-read,,,,0,0
6576965,Signature in the Cell: DNA and the Evidence for Intelligent Design,Stephen C. Meyer,"Meyer, Stephen C.",,"=""0061472786""","=""9780061472787""",0,4.32,HarperOne,Hardcover,624,2009,2009,,2011/11/19,to-read,to-read (#119),to-read,,,,0,0
6022871,"Little Teal Book of Trust: How to Earn It, Grow It, and Keep It to Become a Trusted Advisor in Sales, Business and Life",Jeffrey Gitomer,"Gitomer, Jeffrey",,"=""0137154100""","=""9780137154104""",0,3.98,FT Press,Hardcover,208,2008,2008,,2011/11/18,to-read,to-read (#115),to-read,,,,0,0
6348238,The Real Book of Real Estate: Real Experts. Real Stories. Real Life.,Robert T. Kiyosaki,"Kiyosaki, Robert T.",,"=""1593155328""","=""9781593155322""",0,4.11,Vanguard Press,Paperback,245,2009,2010,,2011/11/18,to-read,to-read (#108),to-read,,,,0,0
88183,"The One Minute Sales Person: The Quickest Way to Sell People on Yourself, Your Services, Products, or Ideas--at Work and in Life",Spencer Johnson,"Johnson, Spencer",Larry Wilso,"=""0060514922""","=""9780060514921""",0,3.80,William Morrow,Hardcover,112,2002,1984,,2011/11/18,to-read,to-read (#112),to-read,,,,0,0
252265,"Little Green Book of Getting Your Way: How to Speak, Write, Present, Persuade, Influence, and Sell Your Point of View to Others",Jeffrey Gitomer,"Gitomer, Jeffrey",,"=""0131576070""","=""9780131576070""",0,4.02,FT Press,Hardcover,202,2007,2007,,2011/11/18,to-read,to-read (#113),to-read,,,,0,0
10139649,Idea Man,Paul  Allen,"Allen, Paul",,"=""1591843820""","=""9781591843825""",0,3.86,Portfolio,Hardcover,358,2011,2011,,2011/11/18,to-read,to-read (#117),to-read,,,,0,0
11149589,The Seed: Finding Purpose and Happiness in Life and Work (Jon Gordon),Jon Gordon,"Gordon, Jon",,"=""0470888563""","=""9780470888568""",0,4.03,Wiley,Hardcover,160,2011,2011,,2011/11/18,to-read,to-read (#116),to-read,,,,0,0
11185056,The Smartest Portfolio You'll Ever Own: A Do-It-Yourself Breakthrough Strategy,Daniel R. Solin,"Solin, Daniel R.",,"=""0399537066""","=""9780399537066""",0,3.81,Perigee Books,Hardcover,224,2011,2011,,2011/11/18,to-read,to-read (#114),to-read,,,,0,0
11449462,The Wealth Cure: Putting Money in Its Place,Hill Harper,"Harper, Hill",,"=""1592406505""","=""9781592406500""",0,4.22,Gotham,Hardcover,288,2011,2011,,2011/11/18,to-read,to-read (#118),to-read,,,,0,0
75891,"Little Gold Book of Yes! Attitude: How to Find, Build and Keep a Yes! Attitude for a Lifetime of Success",Jeffrey Gitomer,"Gitomer, Jeffrey",,"=""0131986473""","=""9780131986473""",0,4.07,FT Press,Hardcover,208,2006,2006,,2011/11/18,to-read,to-read (#111),to-read,,,,0,0
3363158,The Essays of Warren Buffett: Lessons for Corporate America,Warren Buffett,"Buffett, Warren",Lawrence A. Cunningham,"=""0966446127""","=""9780966446128""",0,4.33,The Cunningham Group,Paperback,296,2008,1998,,2011/11/18,to-read,to-read (#107),to-read,,,,0,0
561592,Selling 101: What Every Successful Sales Professional Needs to Know,Zig Ziglar,"Ziglar, Zig",,"=""0785264817""","=""9780785264811""",0,4.10,HarperCollins Leadership,Hardcover,112,2003,2003,,2011/11/18,to-read,to-read (#110),to-read,,,,0,0
419461,Our Iceberg Is Melting,John P. Kotter,"Kotter, John P.","Holger Rathgeber, Spencer Johnson, Peter Mueller","=""031236198X""","=""9780312361983""",0,3.76,St. Martin's Press,Hardcover,160,2006,2005,,2011/11/18,to-read,to-read (#103),to-read,,,,0,0
6256708,Real Leaders Don't Do PowerPoint: How to Sell Yourself and Your Ideas,Christopher Witt,"Witt, Christopher",Dale Fetherling,"=""0307407705""","=""9780307407702""",0,3.72,Crown Currency,Hardcover,256,2009,2009,,2011/11/18,to-read,to-read (#106),to-read,,,,0,0
10822774,Little Bets: How Breakthrough Ideas Emerge from Small Discoveries,Peter Sims,"Sims, Peter",,"=""1439170428""","=""9781439170427""",0,3.77,Free Press,Hardcover,224,2011,2011,,2011/11/18,to-read,to-read (#102),to-read,,,,0,0
12085613,Stress-Proof Your Life: 52 Brilliant Ideas for Taking Control,Elisabeth Wilson,"Wilson, Elisabeth",,"=""1908189029""","=""9781908189028""",0,3.33,Infinite Ideas (Trade); ,Kindle Edition,272,2006,2005,,2011/11/16,"to-read, books-i-own","to-read (#101), books-i-own (#70)",to-read,,,,0,1
6565693,Know What You Don't Know: How Great Leaders Prevent Problems Before They Happen,Michael A. Roberto,"Roberto, Michael A.",,"=""""","=""""",0,3.88,,Kindle Edition,225,,2009,,2011/11/16,"to-read, books-i-own","to-read (#100), books-i-own (#69)",to-read,,,,0,1
11942896,"Compete, Play, Win: Finding Your Best Competitive Self",David Apostolico,"Apostolico, David",,"=""1602398224""","=""9781602398221""",0,3.00,,Kindle Edition,272,,2009,,2011/11/16,"to-read, books-i-own","to-read (#99), books-i-own (#68)",to-read,,,,0,1
12403319,GMAT Practice Test,GMAT Club,"Club, GMAT",,"=""""","=""""",0,5.00,,Kindle Edition,89,,2010,,2011/11/16,"to-read, books-i-own","to-read (#98), books-i-own (#67)",to-read,,,,0,1
8142122,A Praying Life: Connecting With God In A Distracting World,Paul E. Miller,"Miller, Paul E.",,"=""""","=""""",0,4.35,,Kindle Edition,288,,2009,,2011/11/16,"to-read, books-i-own","to-read (#97), books-i-own (#66)",to-read,,,,0,1
10843354,Today We Are Rich: Harnessing the Power of Total Confidence,Tim Sanders,"Sanders, Tim",,"=""1414352743""","=""9781414352749""",0,4.05,,Kindle Edition,296,,2011,,2011/11/16,"to-read, books-i-own","to-read (#94), books-i-own (#63)",to-read,,,,0,1
10220256,Options Strategies for the Agile Investor (Collection) (FT Press Delivers Insights for the Agile Investor),Michael C. Thomsett,"Thomsett, Michael C.","Sergey Izraylevich, Vadim Tsudikman","=""""","=""""",0,3.50,,Kindle Edition,125,,2010,,2011/11/16,"to-read, books-i-own","to-read (#93), books-i-own (#62)",to-read,,,,0,1
8238778,Democratizing Innovation,Eric von Hippel,"Hippel, Eric von",,"=""""","=""""",0,3.62,,Kindle Edition,216,,2005,,2011/11/16,"to-read, books-i-own","to-read (#92), books-i-own (#61)",to-read,,,,0,1
7849034,"Goddess (Starcrossed, #3)",Josephine Angelini,"Angelini, Josephine",,"=""0062012037""","=""9780062012036""",0,4.21,HarperTeen,Hardcover,421,2013,2013,,2011/11/16,to-read,to-read (#91),to-read,,,,0,0
10749647,Get Published,Infinite Ideas,"Ideas, Infinite",,"=""1907755942""","=""9781907755941""",0,3.03,Infinite Ideas,Kindle Edition,123,2010,2010,,2011/11/16,"to-read, books-i-own","to-read (#90), books-i-own (#60)",to-read,,,,0,1
10749678,Get into Bed with Google,Jon        Smith,"Smith, Jon",,"=""1907755683""","=""9781907755682""",0,3.16,The Infinite Ideas Company Limited,Kindle Edition,193,2010,2008,,2011/11/16,"to-read, books-i-own","to-read (#89), books-i-own (#59)",to-read,,,,0,1
8231797,Winners Never Cheat: Even in Difficult Times,Jon M. Huntsman Sr.,"Sr., Jon M. Huntsman",,"=""""","=""""",0,4.10,,Kindle Edition,,,2008,,2011/11/16,"to-read, books-i-own","to-read (#88), books-i-own (#58)",to-read,,,,0,1
8153645,"The Personal Credibility Factor: How to Get It, Keep It, and Get It Back (If You've Lost It)",Sandy Allgeier,"Allgeier, Sandy",,"=""""","=""""",0,3.57,,Kindle Edition,192,,2009,,2011/11/16,"to-read, books-i-own","to-read (#87), books-i-own (#57)",to-read,,,,0,1
9199770,How to Impact and Influence Others: 9 Keys to Successful Leadership,James Merritt,"Merritt, James",,"=""0736929916""","=""9780736929912""",0,4.10,Harvest House Publishers,Paperback,160,2011,2011,,2011/11/14,to-read,to-read (#85),to-read,,,,0,0
6689256,Profitable Persuasion: Put the Hay Down Where the Goats Can Get It,Steve Clark,"Clark, Steve",,"=""1599320878""","=""9781599320878""",0,4.00,Advantage Media Group,Paperback,184,2009,2009,,2011/11/14,to-read,to-read (#84),to-read,,,,0,0
75890,The Little Red Book of Selling: 12.5 Principles of Sales Greatness,Jeffrey Gitomer,"Gitomer, Jeffrey",,"=""1885167601""","=""9781885167606""",0,3.91,Bard Press,Hardcover,230,2004,2004,,2011/11/14,to-read,to-read (#83),to-read,,,,0,0
11084145,Steve Jobs,Walter Isaacson,"Isaacson, Walter",,"=""1451648537""","=""9781451648539""",0,4.16,Simon & Schuster,Hardcover,630,2011,2011,,2011/11/12,"to-read, books-i-own","to-read (#81), books-i-own (#126)",to-read,,,,0,1
163853,Seven Years to Seven Figures: The Fast-track Plan to Becoming a Millionaire,Michael Masterson,"Masterson, Michael",,"=""0471786756""","=""9780471786757""",3,3.84,John Wiley & Sons Inc,Hardcover,247,2006,2006,2011/11/12,2011/10/13,,,read,"It was a decent book with good info...however I think saying these people became millionaires after 7 years is a bit of a stretch...it doesn't include the many years of experience they had prior to starting their business. If you work in an industry for 20 years then use that  experience to start a company that makes you a millionaire after 7 years, it didn't take you 7 years - it took 27...",,,1,0
12995284,"Dreamless (Starcrossed, #2)",Josephine Angelini,"Angelini, Josephine",,"=""0062012010""","=""9780062012012""",0,4.17,HarperTeen,Hardcover,487,2012,2012,,2011/08/17,to-read,to-read (#69),to-read,,,,0,0
19799,The Power of Nice: How to Conquer the Business World With Kindness,Linda Kaplan Thaler,"Thaler, Linda Kaplan",Robin Koval,"=""0385518927""","=""9780385518925""",0,3.69,Crown Currency,Hardcover,144,2006,2006,,2011/10/13,to-read,to-read (#80),to-read,,,,0,0
96833,"I Want to Tell You: My Response to Your Letters, Your Messages, Your Questions",O.J. Simpson,"Simpson, O.J.",,"=""0316341002""","=""9780316341004""",0,2.30,Little Brown & Co,Hardcover,208,1995,1995,,2011/10/13,to-read,to-read (#79),to-read,,,,0,0
4986769,The Crash of 2008 and What it Means: The New Paradigm for Financial Markets,George Soros,"Soros, George",,"=""1586486993""","=""9781586486990""",0,3.42,PublicAffairs,Paperback,288,2009,2008,,2011/10/13,to-read,to-read (#81),to-read,,,,0,0
303567,Eat Mor Chikin: Inspire More People: Doing Business the Chick-fil-A Way,Truett Cathy,"Cathy, Truett",,"=""1929619081""","=""9781929619085""",0,4.05,"Looking Glass Books, Inc",Hardcover,200,2002,2002,,2011/10/13,to-read,to-read (#77),to-read,,,,0,0
402511,Sun Tzu's Art of War for Traders and Investors,Dean Lundell,"Lundell, Dean",Sun Tzu,"=""0070391416""","=""9780070391413""",0,3.00,McGraw-Hill,Hardcover,219,1997,1997,,2011/10/13,to-read,to-read (#78),to-read,,,,0,0
1190726,MBA in a Box: Practical Ideas from the Best Brains in Business,Joel Kurtzman,"Kurtzman, Joel",Glenn Rifkin,"=""0609610880""","=""9780609610886""",0,3.05,Crown Business,Hardcover,448,2004,2004,,2011/10/13,to-read,to-read (#77),to-read,,,,0,0
6388946,End the Fed,Ron Paul,"Paul, Ron",,"=""0446549193""","=""9780446549196""",0,4.06,Grand Central Publishing,Hardcover,212,2009,2009,,2011/10/13,to-read,to-read (#78),to-read,,,,0,0
153281,Of Beetles and Angels: A Boy's Remarkable Journey from a Refugee Camp to Harvard,Mawi Asgedom,"Asgedom, Mawi",,"=""0316826200""","=""9780316826204""",3,3.87,"Little, Brown Books for Young Readers",Paperback,192,2002,2001,2011/10/04,2011/09/30,,,read,,,,1,0
829120,"The Medici Effect: Breakthrough Insights at the Intersection of Ideas, Concepts, and Cultures",Frans Johansson,"Johansson, Frans",,"=""1591391865""","=""9781591391869""",0,3.92,Harvard Business Review Press,Hardcover,224,2004,2004,,2011/08/01,to-read,to-read (#6),to-read,,,,0,0
50937,"First, Break All the Rules: What the World's Greatest Managers Do Differently",Marcus Buckingham,"Buckingham, Marcus",Curt Coffman,"=""0684852861""","=""9780684852867""",0,3.94,Gallup Press,Hardcover,271,1999,1998,,2011/09/30,to-read,to-read (#76),to-read,,,,0,0
849380,The Seven Principles for Making Marriage Work: A Practical Guide from the Country's Foremost Relationship Expert,John M. Gottman,"Gottman, John M.",Nan Silver,"=""0609805797""","=""9780609805794""",0,4.26,Harmony,Paperback,271,1999,1999,,2011/09/30,to-read,to-read (#75),to-read,,,,0,0
198863,"Screw It, Let's Do It: Lessons in Life",Richard Branson,"Branson, Richard",,"=""0753510995""","=""9780753510995""",0,3.90,Virgin Pub,Paperback,111,2006,2012,,2011/09/30,to-read,to-read (#74),to-read,,,,0,0
33293,Naked Economics: Undressing the Dismal Science,Charles Wheelan,"Wheelan, Charles",Burton G. Malkiel,"=""0393324869""","=""9780393324860""",0,4.03,W. W. Norton & Company,Paperback,260,2003,2002,,2011/09/30,to-read,to-read (#73),to-read,,,,0,0
1171,Liar's Poker: Rising Through the Wreckage on Wall Street,Michael   Lewis,"Lewis, Michael",,"=""0140143459""","=""9780140143454""",4,4.15,Penguin Books,Paperback,256,1990,1989,2011/09/29,2011/08/01,books-i-own,books-i-own (#3),read,,,,1,1
252427,"Stop Telling, Start Selling: How to Use Customer-Focused Dialogue to Close Sales",Linda Richardson,"Richardson, Linda",,"=""0070525587""","=""9780070525580""",0,3.38,McGraw Hill,Paperback,272,1998,1993,,2011/08/19,to-read,to-read (#71),to-read,,,,0,0
156447,The Five Lessons a Millionaire Taught Me About Life and Wealth,Richard Paul Evans,"Evans, Richard Paul",,"=""0743287002""","=""9780743287005""",0,3.93,Touchstone,Hardcover,160,2006,2004,,2011/08/19,to-read,to-read (#70),to-read,,,,0,0
781182,Barbarians at the Gate: The Fall of RJR Nabisco,Bryan Burrough,"Burrough, Bryan",John Helyar,"=""0060536357""","=""9780060536350""",0,4.28,HarperBus,Paperback,592,2005,1989,,2011/08/03,to-read,to-read (#68),to-read,,,,0,0
9462795,"Starcrossed (Starcrossed, #1)",Josephine Angelini,"Angelini, Josephine",,"=""0062011995""","=""9780062011992""",0,4.05,HarperTeen,Hardcover,487,2011,2011,,2011/08/02,to-read,to-read (#67),to-read,,,,0,0
214332,The Case for Faith: A Journalist Investigates the Toughest Objections to Christianity,Lee Strobel,"Strobel, Lee",,"=""0310234697""","=""9780310234692""",5,4.27,Zondervan,Paperback,300,2000,2000,2009/01/01,2011/08/01,books-i-own,books-i-own (#12),read,"This is a great book. This is the 3rd Lee Strobel book I've read (Case for a Creator and Case for Christ), and I've loved EVERY SINGLE ONE! I love how it proves that you don't have to dumb down yourself to have faith. Great book!",,,1,1
547831,"Becoming a Millionaire God's Way: Getting Money to You, Not from You",C. Thomas Anderson,"Anderson, C. Thomas",,"=""0446697885""","=""9780446697880""",3,3.97,FaithWords,Paperback,208,2006,2004,2010/01/01,2011/08/01,books-i-own,books-i-own (#10),read,,,,1,1
3337520,GOD IS NOT IN THE THESAURUS,Bo Don Cox,"Cox, Bo Don",,"=""0739477757""","=""9780739477755""",2,4.00,Forwad Movement Publications,Paperback,153,1999,1999,2010/01/01,2011/08/01,books-i-own,books-i-own (#9),read,,,,1,1
1802826,52 Words Every Christian Should Know,Kendell H. Easley,"Easley, Kendell H.",,"=""0805440585""","=""9780805440584""",3,4.13,Holman Reference,Paperback,128,2006,2006,2010/01/01,2011/08/01,books-i-own,books-i-own (#5),read,,,,1,1
6673145,"Role of a Lifetime: Reflections on Faith, Family, and Significant Living",James   Brown,"Brown, James","Tony Dungy, Nathan Whitaker","=""0446541176""","=""9780446541176""",4,3.69,FaithWords,Hardcover,224,2009,2009,2010/01/01,2011/08/01,,,read,,,,1,0
393834,I Have a Dream: The Story of Martin Luther King,Margaret Davidson,"Davidson, Margaret",,"=""0590442309""","=""9780590442305""",4,4.25,Scholastic Paperbacks,Paperback,128,1991,1986,2009/01/01,2011/08/01,books-i-own,books-i-own (#7),read,,,,1,1
7334139,The Quotable Investor,Sanford Jacobs,"Jacobs, Sanford",Paul Volcker,"=""1585742783""","=""9781585742783""",4,4.50,Lyons Pr,Hardcover,238,2001,2001,2009/01/01,2011/08/01,,,read,,,,1,0
3028487,"Thinking About Jail and Prison Ministries, A Guide for the Lay Volunteer",Doug Fischer,"Fischer, Doug",,"=""1933594179""","=""9781933594170""",4,4.00,FBC Publications,Paperback,87,2005,2005,2009/01/01,2011/08/01,books-i-own,books-i-own (#13),read,Great book....,,,1,1
272932,Rich Dad's Who Took My Money?: Why Slow Investors Lose and Fast Money Wins!,Robert T. Kiyosaki,"Kiyosaki, Robert T.",Sharon L. Lechter,"=""0446691828""","=""9780446691826""",5,4.09,Business Plus,Paperback,243,2004,2004,,2011/08/01,books-i-own,books-i-own (#6),read,,,,1,1
42773,Rich Dad's Guide to Becoming Rich...Without Cutting Up Your Credit Cards,Robert T. Kiyosaki,"Kiyosaki, Robert T.",Sharon L. Lechter,"=""0446697524""","=""9780446697521""",5,3.84,Business Plus,Paperback,112,2003,2003,,2011/08/01,,,read,,,,1,0
91180,Rich Dad's Success Stories: Real Life Success Stories from Real Life People Who Followed the Rich Dad Lessons,Robert T. Kiyosaki,"Kiyosaki, Robert T.",Sharon L. Lechter,"=""0446691801""","=""9780446691802""",5,3.70,Business Plus,Paperback,228,2003,2003,2010/01/01,2011/08/01,,,read,,,,1,0
79032,The Last Godfather: The Rise and Fall of Joey Massino,Simon Crittle,"Crittle, Simon",,"=""0425209393""","=""9780425209394""",5,3.78,Berkley Books,Mass Market Paperback,260,2006,2006,2009/01/01,2011/08/01,,,read,,,,1,0
107195,I Kissed Dating Goodbye,Joshua Harris,"Harris, Joshua",,"=""1590521358""","=""9781590521359""",5,3.49,Multnomah Books,Paperback,221,2003,1997,2000/01/01,2011/08/01,,,read,,,,1,1
214333,The Case for a Creator: A Journalist Investigates Scientific Evidence That Points Toward God,Lee Strobel,"Strobel, Lee",,"=""0310240506""","=""9780310240501""",5,4.12,Zondervan,Paperback,352,2005,2004,2007/01/01,2011/08/01,books-i-own,books-i-own (#25),read,,,,1,1
49245,"His Needs, Her Needs: Building an Affair-Proof Marriage",Willard F. Harley Jr.,"Jr., Willard F. Harley",,"=""0800717880""","=""9780800717889""",5,4.11,Fleming H. Revell Company,Paperback,224,2001,1986,2007/01/01,2011/08/01,books-i-own,books-i-own (#24),read,"I love this book! I knew men and women were different, but GEEZ! haha",,,1,1
286235,The Big Money: Seven Steps to Picking Great Stocks and Finding Financial Security,Frederick R. Kobrick,"Kobrick, Frederick R.",,"=""0743258711""","=""9780743258715""",5,3.60,Simon & Schuster,Paperback,320,2007,2006,2008/01/01,2011/08/01,books-i-own,books-i-own (#21),read,,,,1,1
935676,"Quiet Strength: The Principles, Practices & Priorities of a Winning Life",Tony Dungy,"Dungy, Tony",,"=""1414318014""","=""9781414318011""",5,4.19,Tryndale,Hardcover,256,2007,2007,2008/01/01,2011/08/01,,,read,,,,1,0
98897,"Why We Want You To Be Rich: Two Men, One Message",Donald J. Trump,"Trump, Donald J.",Robert T. Kiyosaki,"=""1933914025""","=""9781933914022""",0,3.98,Rich Press,Hardcover,345,2006,2006,,2011/08/02,to-read,to-read (#66),to-read,,,,0,0
11785704,Are We Living in the End Times?: Curretn Events Foretold in Scripture... and What They Mean,Tim LaHaye,"LaHaye, Tim",Jerry B. Jenkins,"=""1414351291""","=""9781414351292""",0,3.95,,Kindle Edition,404,,1999,,2011/08/02,to-read,to-read (#65),to-read,,,,0,0
12253854,The Principles of Prison Ministry,Tommy Seay Jr.,"Jr., Tommy Seay",,"=""1591601185""","=""9781591601180""",0,5.00,Xulon Press,Paperback,136,2002,2002,,2011/08/02,to-read,to-read (#64),to-read,,,,0,0
3077252,Ministry to the Incarcerated,Henry G. Covert,"Covert, Henry G.",,"=""0829408606""","=""9780829408607""",0,3.81,Loyola Pr,Paperback,185,1995,1995,,2011/08/02,to-read,to-read (#63),to-read,,,,0,0
77231,Who Moved My Cheese?,Spencer Johnson,"Johnson, Spencer",,"=""0399144463""","=""9780399144462""",4,3.87,G. P. Putnam's Sons,Hardcover,94,2002,1998,2009/12/01,2011/08/01,books-i-own,books-i-own (#14),read,,,,1,1
213464,Every Woman's Desire: Every Man's Guide to...Winning the Heart of a Woman,Stephen F. Arterburn,"Arterburn, Stephen F.","Fred Stoeker, Mike Yorkey","=""1578565227""","=""9781578565221""",5,4.18,WaterBrook Press,Paperback,288,2001,2001,2008/01/01,2011/08/01,books-i-own,books-i-own (#18),read,"This is one of the best marriage book's I've ever read. I love the parallel of the husband and Christ...not only is Jesus the Chief as far as being the lead in our relationship, but He is also the Chief Sacrificer...we like to be the head of everything, but we need to include being a leader in sacrifice too. That was a revelation to me, for real.",,,1,1
2343331,Multiple Streams of Income: How to Generate a Lifetime of Unlimited Wealth,Robert G. Allen,"Allen, Robert G.",,"=""0471655783""","=""9780471655787""",5,4.04,John Wiley & Sons Inc,Hardcover,352,2004,1998,2009/01/01,2011/08/01,books-i-own,books-i-own (#17),read,Great read. I'm going to go back through and take notes this time.,,,1,1
633756,The 10 Commandments of Marriage: The Do's and Don'ts for a Lifelong Covenant,H. Edwin Young,"Young, H. Edwin",Beth Moore,"=""0802431453""","=""9780802431455""",4,3.97,Moody Publishers,Paperback,240,2004,2003,2010/01/01,2011/08/01,books-i-own,books-i-own (#16),read,,,,1,1
547695,"Tribulation Force: The Continuing Drama of Those Left Behind (Left Behind, #2)",Tim LaHaye,"LaHaye, Tim",Jerry B. Jenkins,"=""0842329137""","=""9780842329132""",5,3.98,"Tyndale House Publishers, Inc.",Hardcover,464,1996,1996,,2011/08/01,books-i-own,books-i-own (#22),read,,,,1,1
1029952,The Battle is the Lords: Waging Victorious Spiritual Warfare (Understanding God Series),Tony    Evans,"Evans, Tony",,"=""0802448550""","=""9780802448552""",5,4.28,Moody Publishers,Paperback,384,2002,1998,,2011/08/01,books-i-own,books-i-own (#20),read,,,,1,1
27523,"Left Behind (Left Behind, #1)",Tim LaHaye,"LaHaye, Tim",Jerry B. Jenkins,"=""0842342702""","=""9780842342704""",5,3.86,Tyndale House Publishers,Mass Market Paperback,470,2000,1995,,2011/08/01,books-i-own,books-i-own (#23),read,,,,1,1
142110,Rich Dad's Real Estate Advantages: Tax and Legal Secrets of Successful Real Estate Investors,Garrett Sutton,"Sutton, Garrett",Garrett Sutton,"=""0446694118""","=""9780446694117""",0,4.08,Business Plus,Paperback,261,2006,2006,,2011/08/01,to-read,to-read (#61),to-read,,,,0,0
159414,Rich Dad's Advisors: OPM: How to Attract Other People's Money for Your Investments--The Ultimate Leverage,Michael A. Lechter,"Lechter, Michael A.",Robert T. Kiyosaki,"=""0446691852""","=""9780446691857""",0,4.11,Warners Business Books,Paperback,352,2005,2004,,2011/08/01,to-read,to-read (#60),to-read,,,,0,0
83823,The Motley Fools Rule Breakers Rule Makers : The Foolish Guide To Picking Stocks,David   Gardner,"Gardner, David",Tom Gardner,"=""0684857170""","=""9780684857176""",0,3.47,Touchstone,Paperback,336,2000,1999,,2011/08/01,to-read,to-read (#58),to-read,,,,0,0
83825,The Motley Fool: You Have More Than You Think - The Foolish Guide to Personal Finance,David   Gardner,"Gardner, David",Tom Gardner,"=""0743201744""","=""9780743201742""",0,3.76,Simon & Schuster,Paperback,319,2001,1997,,2011/08/01,to-read,to-read (#59),to-read,,,,0,0
165449,A Woman Rides the Beast: The Roman Catholic Church and the Last Days,Dave  Hunt,"Hunt, Dave",,"=""1565071999""","=""9781565071995""",0,4.24,Harvest Prophecy,Paperback,549,1994,1994,,2011/08/01,"to-read, books-i-own","to-read (#56), books-i-own (#54)",to-read,,,,0,1
2670506,World Religions: A Historical Approach,Solomon A. Nigosian,"Nigosian, Solomon A.",,"=""031215268X""","=""9780312152680""",0,3.29,Bedford/St. Martin's,Paperback,444,1999,1999,,2011/08/01,"to-read, books-i-own","to-read (#55), books-i-own (#53)",to-read,,,,0,1
693098,The Case for Christmas: A Journalist Investigates the Identity of the Child in the Manger,Lee Strobel,"Strobel, Lee",,"=""0310254760""","=""9780310254768""",0,4.15,Zondervan,Mass Market Paperback,96,2005,1998,,2011/08/01,to-read,to-read (#50),to-read,,,,0,0
4883275,Free at Last: Experiencing True Freedom Through Your Identity In Christ,Tony    Evans,"Evans, Tony",,"=""0802485804""","=""9780802485809""",0,4.16,Moody Publishers,Hardcover,216,2001,2001,,2011/08/01,"to-read, books-i-own","to-read (#53), books-i-own (#51)",to-read,,,,0,1
322042,"Fall in Love, Stay in Love",Willard F. Harley Jr.,"Jr., Willard F. Harley",,"=""0800717937""","=""9780800717933""",0,4.02,Revell,Hardcover,256,2001,2001,,2011/08/01,to-read,to-read (#54),to-read,,,,0,0
559766,The Case for Easter: Journalist Investigates the Evidence for the Resurrection,Lee Strobel,"Strobel, Lee",,"=""0310254752""","=""9780310254751""",0,4.29,Zondervan,Mass Market Paperback,96,2004,2004,,2011/08/01,to-read,to-read (#51),to-read,,,,0,0
693097,The Case for the Real Jesus,Lee Strobel,"Strobel, Lee",,"=""031024210X""","=""9780310242109""",0,4.36,Zondervan,Hardcover,311,2007,2008,,2011/08/01,to-read,to-read (#52),to-read,,,,0,0
83824,The Motley Fool Personal Finance Workbook,David   Gardner,"Gardner, David",Tom Gardner,"=""0743229975""","=""9780743229975""",0,3.98,Touchstone,Paperback,256,2003,1998,,2011/08/01,to-read,to-read (#47),to-read,,,,0,0
762462,One Up On Wall Street: How to Use What You Already Know to Make Money in the Market,Peter Lynch,"Lynch, Peter",,"=""0743200403""","=""9780743200400""",0,4.29,Simon & Schuster,Paperback,304,2000,1988,,2011/08/01,to-read,to-read (#46),to-read,,,,0,0
214334,God's Outrageous Claims: Discover What They Mean for You,Lee Strobel,"Strobel, Lee",,"=""0310266122""","=""9780310266129""",0,4.10,Zondervan,Hardcover,272,2005,1997,,2011/08/01,to-read,to-read (#48),to-read,,,,0,0
127277,"The Money Book for the Young, Fabulous & Broke",Suze Orman,"Orman, Suze",,"=""1594482241""","=""9781594482243""",0,3.90,Riverhead Books,Paperback,400,2007,2004,,2011/08/01,"to-read, books-i-own","to-read (#43), books-i-own (#47)",to-read,,,,0,1
3375762,The Pentecostal Minister,J.L. Hall,"Hall, J.L.",David K. Bernard,"=""0932581846""","=""9780932581846""",0,4.41,Word Aflame Pr,Paperback,316,1991,1991,,2011/08/01,"to-read, books-i-own","to-read (#44), books-i-own (#48)",to-read,,,,0,1
42775,Rich Dad's Before You Quit Your Job: 10 Real-Life Lessons Every Entrepreneur Should Know About Building a Multimillion-Dollar Business,Robert T. Kiyosaki,"Kiyosaki, Robert T.",Sharon L. Lechter,"=""0446696374""","=""9780446696371""",0,4.13,Business Plus,Paperback,259,2005,2005,,2011/08/01,"to-read, books-i-own","to-read (#45), books-i-own (#49)",to-read,,,,0,1
272934,How to Buy & Sell a Business: How You Can Win in the Business Quadrant (Rich Dad's Advisors),Garrett Sutton,"Sutton, Garrett",Robert T. Kiyosaki,"=""0446691348""","=""9780446691345""",0,3.90,Business Plus,Paperback,2,2003,2003,,2011/08/01,to-read,to-read (#40),to-read,,,,0,0
1352081,Daniel (Everyman's Bible Commentary),G. Coleman Luck,"Luck, G. Coleman",,"=""0802420273""","=""9780802420275""",0,4.00,Moody Press,Paperback,125,1969,1969,,2011/08/01,"to-read, books-i-own","to-read (#42), books-i-own (#46)",to-read,,,,0,1
1763834,Sexual Purity (Tony Evans Speaks Out Booklet Series),Tony    Evans,"Evans, Tony",,"=""0802443877""","=""9780802443878""",0,4.54,Moody Publishers,Paperback,64,2000,1995,,2011/08/01,"to-read, books-i-own","to-read (#41), books-i-own (#45)",to-read,,,,0,1
473631,King Came Preaching: The Pulpit Power of Dr. Martin Luther King Jr.,Mervyn A. Warren,"Warren, Mervyn A.",,"=""0830826580""","=""9780830826582""",0,4.13,Intervarsity Pr,Hardcover,223,2001,2001,,2011/08/01,to-read,to-read (#38),to-read,,,,0,0
1246339,Halley's Bible Handbook with the New International Version---Deluxe Edition,Henry H. Halley,"Halley, Henry H.",,"=""0310259940""","=""9780310259947""",0,4.40,Zondervan,Hardcover,1056,2007,2002,,2011/08/01,"to-read, books-i-own","to-read (#39), books-i-own (#44)",to-read,,,,0,1
29531,The Bait Of Satan: Living Free from the Deadly Trap of Offense,John Bevere,"Bevere, John",,"=""159185413X""","=""9781591854135""",0,4.41,Charisma House,Paperback,255,2004,1994,,2011/08/01,"to-read, books-i-own","to-read (#36), books-i-own (#41)",to-read,,,,0,1
246202,"A Knock at Midnight: Inspiration from the Great Sermons of Reverend Martin Luther King, Jr.",Clayborne Carson,"Carson, Clayborne","Peter Holloran, Martin Luther King Jr.","=""0446675547""","=""9780446675543""",0,4.59,Warner Books,Paperback,234,2000,1998,,2011/08/01,to-read,to-read (#34),to-read,,,,0,0
733217,"The Preacher King: Martin Luther King, Jr. and the Word that Moved America",Richard Lischer,"Lischer, Richard",,"=""019511132X""","=""9780195111323""",0,4.13,Oxford University Press,Paperback,368,1997,1995,,2011/08/01,to-read,to-read (#33),to-read,,,,0,0
109578,Sex Begins in the Kitchen: Creating Intimacy to Make Your Marriage Sizzle,Kevin Leman,"Leman, Kevin",,"=""0800731174""","=""9780800731175""",0,4.03,Revell,Paperback,272,2006,1981,,2011/08/01,"to-read, books-i-own","to-read (#37), books-i-own (#43)",to-read,,,,0,1
1870740,The 4:8 Principle: The Secret to a Joy-Filled Life,Tommy Newberry,"Newberry, Tommy",,"=""1414313047""","=""9781414313047""",0,4.25,Tyndale House Publishers,Hardcover,240,2007,2006,,2011/08/01,to-read,to-read (#35),to-read,,,,0,0
42547,"The Autobiography of Martin Luther King, Jr.",Martin Luther King Jr.,"Jr., Martin Luther King",Clayborne Carson,"=""0446676500""","=""9780446676502""",0,4.34,Warner Books,Paperback,400,2001,1986,,2011/08/01,to-read,to-read (#31),to-read,,,,0,0
52101,Strength to Love,Martin Luther King Jr.,"Jr., Martin Luther King",,"=""0800614410""","=""9780800614416""",0,4.61,Fortress Press,Paperback,160,1981,1963,,2011/08/01,to-read,to-read (#28),to-read,,,,0,0
53360,A Testament of Hope: The Essential Writings and Speeches,Martin Luther King Jr.,"Jr., Martin Luther King",James Melvin Washington,"=""0060646918""","=""9780060646912""",0,4.57,HarperOne,Paperback,702,1990,1986,,2011/08/01,to-read,to-read (#32),to-read,,,,0,0
903873,The Four Pages of the Sermon,Paul Scott Wilson,"Wilson, Paul Scott",,"=""0687023955""","=""9780687023950""",0,3.97,Abingdon Press,Paperback,,1999,1999,,2011/08/01,to-read,to-read (#27),to-read,,,,0,0
53363,I Have a Dream: Writings and Speeches That Changed the World,Martin Luther King Jr.,"Jr., Martin Luther King","James Melvin Washington, Coretta Scott King","=""0062505521""","=""9780062505521""",0,4.50,HarperOne,Paperback,210,1992,1987,,2011/08/01,to-read,to-read (#30),to-read,,,,0,0
128571,The Measure of a Man (Facets),Martin Luther King Jr.,"Jr., Martin Luther King",,"=""0800634497""","=""9780800634490""",0,4.53,Fortress Press,Paperback,56,2001,1988,,2011/08/01,to-read,to-read (#29),to-read,,,,0,0
6496942,50 Economics Ideas You Really Need to Know,Edmund Conway,"Conway, Edmund",,"=""1848660103""","=""9781848660106""",0,3.83,Quercus,Hardcover,208,2009,2009,,2011/08/01,to-read,to-read (#26),to-read,,,,0,0
40985,I Don't Have Enough Faith to be an Atheist,Norman L. Geisler,"Geisler, Norman L.",Frank Turek,"=""1581345615""","=""9781581345612""",0,4.23,Crossway Books,Paperback,447,2005,2004,,2011/08/01,to-read,to-read (#25),to-read,,,,0,0
1130,The Warren Buffett Way,Robert G. Hagstrom,"Hagstrom, Robert G.","Bill Miller, Kenneth L. Fisher","=""0471743674""","=""9780471743675""",0,4.19,John Wiley & Sons Inc,Paperback,245,2005,1994,,2011/08/01,to-read,to-read (#20),to-read,,,,0,0
978814,The God Chasers: My Soul Follows Hard After Thee,Tommy Tenney,"Tenney, Tommy",,"=""0768420164""","=""9780768420166""",0,4.28,Destiny Image Publishers,Paperback,152,1998,1998,,2011/08/01,to-read,to-read (#24),to-read,,,,0,0
1054977,Extreme God Chasers,Tommy Tenney,"Tenney, Tommy",,"=""0768450012""","=""9780768450019""",0,3.97,Destiny Image Publishers,Paperback,176,2000,2000,,2011/08/01,to-read,to-read (#23),to-read,,,,0,0
1702029,Preaching with Purpose,Jay E. Adams,"Adams, Jay E.",,"=""0310510910""","=""9780310510918""",0,3.81,Zondervan,Paperback,176,1986,1983,,2011/08/01,"to-read, books-i-own","to-read (#22), books-i-own (#40)",to-read,,,,0,1
1039397,The Five Languages of Apology: How to Experience Healing in all Your Relationships,Gary Chapman,"Chapman, Gary",Jennifer M. Thomas,"=""1881273792""","=""9781881273790""",0,4.12,Northfield Publishing,Paperback,288,2008,2006,,2011/08/01,"to-read, books-i-own","to-read (#21), books-i-own (#39)",to-read,,,,0,1
1189251,Tortured for Christ,Richard Wurmbrand,"Wurmbrand, Richard",,"=""0882643266""","=""9780882643267""",0,4.37,Living Sacrifice Books,Paperback,170,1998,1967,,2011/08/01,"to-read, books-i-own","to-read (#17), books-i-own (#37)",to-read,,,,0,1
1086893,Where To Find It In The Bible The Ultimate A To Z Resource,Ken Anderson,"Anderson, Ken",,"=""0785211578""","=""9780785211570""",0,4.22,Thomas Nelson,Paperback,578,1996,1996,,2011/08/01,to-read,to-read (#19),to-read,,,,0,0
30821,"John's Story: The Last Eyewitness (The Jesus Chronicles, #1)",Tim LaHaye,"LaHaye, Tim",Jerry B. Jenkins,"=""0399153896""","=""9780399153891""",0,4.02,Putnam Adult,Hardcover,310,2006,2006,,2011/08/01,"to-read, books-i-own","to-read (#18), books-i-own (#38)",to-read,,,,0,1
42864,Lead Like Jesus: Lessons from the Greatest Leadership Role Model of All Time,Kenneth H. Blanchard,"Blanchard, Kenneth H.",Phil Hodges,"=""0849918723""","=""9780849918728""",0,4.07,W Pub Group,Paperback,256,2007,1979,,2011/08/01,to-read,to-read (#13),to-read,,,,0,0
2045173,With Speed and Violence: Why Scientists Fear Tipping Points in Climate Change,Fred Pearce,"Pearce, Fred",,"=""0807085774""","=""9780807085776""",0,4.01,Beacon Press,Paperback,271,2008,2006,,2011/08/01,to-read,to-read (#14),to-read,,,,0,0
889327,Rich Dad's Retire Young Retire Rich: How to Get Rich Quickly and Stay Rich Forever!,Robert T. Kiyosaki,"Kiyosaki, Robert T.",Sharon L. Lechter,"=""0446678430""","=""9780446678438""",0,4.09,Business Plus,Paperback,335,2002,2002,,2011/08/01,to-read,to-read (#16),to-read,,,,0,0
851393,The Imitation of Christ,Thomas à Kempis,"Kempis, Thomas à","William Benham, Richard Challoner, D.D.","=""0375700188""","=""9780375700187""",0,4.24,Vintage,Paperback,242,1998,1427,,2011/08/01,to-read,to-read (#15),to-read,,,,0,0
4261,Songbook,Nick Hornby,"Hornby, Nick",,"=""1573223565""","=""9781573223560""",0,3.56,Penguin Publishing Group,Paperback,207,2003,2002,,2011/08/01,to-read,to-read (#7),to-read,,,,0,0
841,Emotional Design: Why We Love (or Hate) Everyday Things,Donald A. Norman,"Norman, Donald A.",,"=""0465051367""","=""9780465051366""",0,3.95,Basic Books,Paperback,272,2005,2003,,2011/08/01,to-read,to-read (#5),to-read,,,,0,0
1017249,How to Win Every Argument: The Use and Abuse of Logic,Madsen Pirie,"Pirie, Madsen",,"=""0826498949""","=""9780826498946""",0,3.50,Bloomsbury Academic,Paperback,192,2007,2006,,2011/08/01,to-read,to-read (#11),to-read,,,,0,0
318804,"The Brand You 50 (Reinventing Work): Fifty Ways to Transform Yourself from an ""Employee"" into a Brand That Shouts Distinction, Commitment, and Passion!",Tom Peters,"Peters, Tom",,"=""0375407723""","=""9780375407727""",0,3.74,Knopf,Hardcover,224,1999,1999,,2011/08/01,to-read,to-read (#8),to-read,,,,0,0
1911,The World Is Flat: A Brief History of the Twenty-first Century,Thomas L. Friedman,"Friedman, Thomas L.",,"=""0374292795""","=""9780374292799""",0,3.69,"Farrar, Straus and Giroux (NY)",Hardcover,593,2006,,,2011/08/01,to-read,to-read (#10),to-read,,,,0,0
61539,The Structure of Scientific Revolutions,Thomas S. Kuhn,"Kuhn, Thomas S.",,"=""0226458083""","=""9780226458083""",0,4.03,University of Chicago Press,Paperback,226,1996,1962,,2011/08/01,to-read,to-read (#9),to-read,,,,0,0
6732000,"Mathletics: How Gamblers, Managers, and Sports Enthusiasts Use Mathematics in Baseball, Basketball, and Football",Wayne L. Winston,"Winston, Wayne L.",,"=""069113913X""","=""9780691139135""",0,3.78,Princeton University Press,Hardcover,376,2009,2009,,2011/08/01,to-read,to-read (#12),to-read,,,,0,0
1898369,Success Is Not an Accident: Change Your Choices; Change Your Life,Tommy Newberry,"Newberry, Tommy",,"=""141431311X""","=""9781414313115""",0,4.17,Tyndale House Publishers,Paperback,256,2007,1998,,2011/08/01,"to-read, books-i-own","to-read (#4), books-i-own (#36)",to-read,,,,0,1
1307866,Now You're Speaking My Language: Honest Communication and Deeper Intimacy for a Stronger Marriage,Gary Chapman,"Chapman, Gary",,"=""0805444602""","=""9780805444605""",0,4.01,B & H Pub Group,Paperback,256,2007,2007,,2011/08/01,"to-read, books-i-own","to-read (#3), books-i-own (#35)",to-read,,,,0,1
10832079,The Accidental Creative: How to Be Brilliant at a Moment's Notice,Todd Henry,"Henry, Todd",,"=""1591844010""","=""9781591844013""",0,4.06,Portfolio,Hardcover,230,2011,2011,,2011/08/01,to-read,to-read (#2),to-read,,,,0,0
9871673,I'm Feeling Lucky: The Confessions of Google Employee Number 59,Douglas Edwards,"Edwards, Douglas",,"=""0547416997""","=""9780547416991""",0,3.85,Houghton Mifflin Harcourt,Hardcover,432,2011,2011,,2011/08/01,to-read,to-read (#1),to-read,,,,0,0
763362,The One Minute Manager,Kenneth H. Blanchard,"Blanchard, Kenneth H.",Spencer Johnson,"=""0688014291""","=""9780688014292""",4,3.95,William Morrow,Hardcover,111,2003,1981,2011/01/01,2011/07/31,,,read,,,,1,0
1202,Freakonomics: A Rogue Economist Explores the Hidden Side of Everything,Steven D. Levitt,"Levitt, Steven D.",Stephen J. Dubner,"=""0061234001""","=""9780061234002""",5,4.01,William Morrow,Hardcover,268,2006,2005,2011/03/01,2011/07/31,,,read,,,,1,0
6694937,"Game Change: Obama and the Clintons, McCain and Palin, and the Race of a Lifetime",John Heilemann,"Heilemann, John",Mark Halperin,"=""0061733636""","=""9780061733635""",5,4.13,Harper,Hardcover,448,2010,2010,2011/03/01,2011/07/31,,,read,,,,1,0
1491906,Gang Leader for a Day: A Rogue Sociologist Takes to the Streets,Sudhir Venkatesh,"Venkatesh, Sudhir",,"=""1594201501""","=""9781594201509""",5,4.07,Penguin Press,Hardcover,302,2008,2008,2011/02/01,2011/07/31,,,read,,,,1,0
2612,The Tipping Point: How Little Things Can Make a Big Difference,Malcolm Gladwell,"Gladwell, Malcolm",,"=""""","=""""",5,4.01,Time Warner Book Group,Paperback,301,2002,2000,2011/01/01,2011/07/31,,,read,,,,1,1
